id,name,type
1,Horal's Oude Geuze Mega Blend,BeerBrand
2,Lustem,BeerBrand
3,Wintersnood,BeerBrand
4,Nondedju,BeerBrand
5,Notre Passion,BeerBrand
6,Vieux Temps,BeerBrand
7,Leffe 9Â°,BeerBrand
8,Leffe Blond,BeerBrand
9,Leffe Bruin,BeerBrand
10,Leffe Kerst,BeerBrand
11,Leffe Lente,BeerBrand
12,Leffe Radieuse,BeerBrand
13,Leffe Royale,BeerBrand
14,Leffe Ruby,BeerBrand
15,Leffe Tripel,BeerBrand
16,Leffe Vieille CuvÃ©e,BeerBrand
17,Orval,BeerBrand
18,Rochefort 10,BeerBrand
19,Rochefort 6,BeerBrand
20,Rochefort 8,BeerBrand
21,Chimay Blauw,BeerBrand
22,Chimay dorÃ©e,BeerBrand
23,Chimay Rood,BeerBrand
24,Chimay Wit,BeerBrand
25,Achel 5 Blond,BeerBrand
26,Achel 5 Bruin,BeerBrand
27,Achel 8 Blond,BeerBrand
28,Achel 8 Bruin,BeerBrand
29,Achel Blond Extra,BeerBrand
30,Achel Bruin Extra,BeerBrand
31,Delhaize Christmas,BeerBrand
32,Florival Bruin,BeerBrand
33,Florival Tripel,BeerBrand
34,Florival Winter,BeerBrand
35,Hotteuse Grand Cru,BeerBrand
36,Postel Dubbel,BeerBrand
37,Postel Tripel,BeerBrand
38,Florival Blond,BeerBrand
39,Leeuwse Witte,BeerBrand
40,Napoleon,BeerBrand
41,Op-Ale,BeerBrand
42,Postel Blond,BeerBrand
43,Affligem 950 Cuvee,BeerBrand
44,Affligem Dubbel,BeerBrand
45,Affligem NoÃ«l,BeerBrand
46,Affligem Patersvat,BeerBrand
47,Affligem Tripel,BeerBrand
48,Affligem Blond,BeerBrand
49,Maes,BeerBrand
50,Mort Subite Faro,BeerBrand
51,Mort Subite Framboise,BeerBrand
52,Mort Subite Gueuze,BeerBrand
53,Mort Subite Kriek,BeerBrand
54,Mort Subite Original Gueuze,BeerBrand
55,Mort Subite Original Kriek,BeerBrand
56,Mort Subite Oude Gueuze,BeerBrand
57,Mort Subite Oude Kriek,BeerBrand
58,Mort Subite PÃªche,BeerBrand
59,Mort Subite Witte Lambic,BeerBrand
60,Mort Subite Xtreme Framboise,BeerBrand
61,Mort Subite Xtreme Kriek,BeerBrand
62,Mort Subite Xtreme Manzana,BeerBrand
63,Watneys Scotch Ale,BeerBrand
64,Grimbergen Blond,BeerBrand
65,Grimbergen CuvÃ©e de l'Ermitage,BeerBrand
66,Grimbergen Dubbel,BeerBrand
67,Grimbergen Goud 8Â°,BeerBrand
68,Grimbergen Optimo Bruno,BeerBrand
69,Grimbergen Selection,BeerBrand
70,Grimbergen Tripel,BeerBrand
71,Ciney Blond,BeerBrand
72,Ciney Bruin,BeerBrand
73,Cristal 1928,BeerBrand
74,Cristal Alken,BeerBrand
75,Golding Campina,BeerBrand
76,Hapkin,BeerBrand
77,Judas,BeerBrand
78,Maes Nature,BeerBrand
79,Thouroutenaere,BeerBrand
80,Zulte,BeerBrand
81,Brugs (Tarwebier),BeerBrand
82,Seefbier,BeerBrand
83,Authentic 621,BeerBrand
84,Authentic AmbrÃ©e,BeerBrand
85,Authentic Blonde,BeerBrand
86,Authentic Blonde de NoÃ«l,BeerBrand
87,Authentic Triple,BeerBrand
88,La Pils des 3 Canaux,BeerBrand
89,La Saison de Pipaix,BeerBrand
90,La Vapeur en Folie,BeerBrand
91,La Vapeur LÃ©gÃ¨re,BeerBrand
92,Saison de Pipaix,BeerBrand
93,Vapeur cochonne,BeerBrand
94,Vapeur en folie,BeerBrand
95,La Rulles Blonde,BeerBrand
96,La Rulles Brune,BeerBrand
97,La Rulles CuvÃ©e Meilleurs VÅ“ux,BeerBrand
98,La Rulles Estivale,BeerBrand
99,La Rulles La Grande 10,BeerBrand
100,La Rulles Triple,BeerBrand
101,Abbaye de la Thure,BeerBrand
102,AngÃ©lus Blonde,BeerBrand
103,AngÃ©lus Brune,BeerBrand
104,AngÃ©lus SpÃ©ciale NoÃ«l,BeerBrand
105,Belgian Angel Stout,BeerBrand
106,Grand Cru Bruocsella,BeerBrand
107,Lou Pepe,BeerBrand
108,RosÃ© de Gambrinus,BeerBrand
109,Caracole,BeerBrand
110,Forestinne Ambrosia,BeerBrand
111,Forestinne Gothika,BeerBrand
112,Forestinne Mysteria,BeerBrand
113,Forestinne Nordika,BeerBrand
114,Forestinne Primoria,BeerBrand
115,Nostradamus,BeerBrand
116,Saxo,BeerBrand
117,Troublette,BeerBrand
118,Blonde de NoÃ«l,BeerBrand
119,Paix-Dieu,BeerBrand
120,Mc Chouffe,BeerBrand
121,N'Ice Chouffe,BeerBrand
122,La Corne du Bois des Pendus Blonde,BeerBrand
123,La Corne du Bois des Pendus Triple,BeerBrand
124,Archiduc,BeerBrand
125,Asterie,BeerBrand
126,Cookie Beer,BeerBrand
127,De Boomgaard Framboise,BeerBrand
128,FlorilÃ¨ge dâ€™Hibiscus,BeerBrand
129,FlorilÃ¨ge de PensÃ©e,BeerBrand
130,FlorilÃ¨ge de Rose,BeerBrand
131,FlorilÃ¨ge de Sureau,BeerBrand
132,La LoubÃ©coise,BeerBrand
133,La Penneffoise,BeerBrand
134,Speculoos Bier,BeerBrand
135,Ultra AmbrÃ©e,BeerBrand
136,Ultra Blonde,BeerBrand
137,Ultra FraÃ®che,BeerBrand
138,Ultra Soif,BeerBrand
139,Ultrabrune,BeerBrand
140,UltradÃ©lice,BeerBrand
141,Ultramour,BeerBrand
142,Bastogne Pale Ale,BeerBrand
143,La Troufette Belle d'Ã©tÃ©,BeerBrand
144,La Troufette Blonde,BeerBrand
145,La Troufette Brune,BeerBrand
146,La Troufette GivrÃ©e,BeerBrand
147,La Troufette Rousse,BeerBrand
148,Black,BeerBrand
149,Blanche,BeerBrand
150,Blonde,BeerBrand
151,Brune,BeerBrand
152,BiÃ¨re Darbyste,BeerBrand
153,La Moneuse,BeerBrand
154,La Moneuse SpÃ©ciale NoÃ«l,BeerBrand
155,Saison d'Epeautre,BeerBrand
156,Blanche de Bouillon,BeerBrand
157,CuvÃ©e de Bouillon,BeerBrand
158,Gertrude AmbrÃ©e,BeerBrand
159,Jackâ€™Ouille,BeerBrand
160,La Bouillonnaise,BeerBrand
161,La ChÃ¨venis,BeerBrand
162,La MÃ©diÃ©vale,BeerBrand
163,La Noire Fontaine,BeerBrand
164,La Saison des Chasses AmbrÃ©e,BeerBrand
165,La Saison des Chasses Blonde,BeerBrand
166,La SpÃ©ciale FÃªtes,BeerBrand
167,La Vauban,BeerBrand
168,Abbaye de Saint-Martin Blonde,BeerBrand
169,Abbaye de Saint-Martin Brune,BeerBrand
170,Abbaye de Saint-Martin CuvÃ©e de NoÃ«l,BeerBrand
171,Abbaye de Saint-Martin Triple,BeerBrand
172,BiÃ¨re du Mont Saint-Aubert,BeerBrand
173,Brunehaut Bio Amber,BeerBrand
174,Brunehaut Bio Blanche,BeerBrand
175,Brunehaut Bio Blonde,BeerBrand
176,Brunehaut Terroir,BeerBrand
177,Brunehaut Tradition,BeerBrand
178,Brunehaut Village,BeerBrand
179,Mont-Saint-Aubert,BeerBrand
180,Ne Kopstoot,BeerBrand
181,RamÃ©e Amber,BeerBrand
182,RamÃ©e Triple Blond,BeerBrand
183,Saison Cazeau,BeerBrand
184,Tournay,BeerBrand
185,Tournay de NoÃ«l,BeerBrand
186,Tournay Noire,BeerBrand
187,IV Saison,BeerBrand
188,V Cense,BeerBrand
189,VI Wheat,BeerBrand
190,Abbaye des Rocs Blonde,BeerBrand
191,Abbaye des Rocs Brune,BeerBrand
192,Abbaye des Rocs Grand Cru,BeerBrand
193,Abbaye des Rocs SpÃ©ciale NoÃ«l,BeerBrand
194,Altitude 6,BeerBrand
195,Blanche des Honnelles,BeerBrand
196,Brasserie des Rocs Triple ImpÃ©riale,BeerBrand
197,Montagnarde,BeerBrand
198,Montagnarde Altitude 6,BeerBrand
199,Nounnette,BeerBrand
200,Nuits Blanches,BeerBrand
201,Rader AmbrÃ©e,BeerBrand
202,Rader Blonde,BeerBrand
203,Crianza,BeerBrand
204,Gribousine Blonde,BeerBrand
205,Gribousine Brune,BeerBrand
206,Gribousine Hiver,BeerBrand
207,Joseph,BeerBrand
208,Joseph Bio,BeerBrand
209,Kriek de Silenrieux,BeerBrand
210,L'Autruche Biere des Gilles,BeerBrand
211,Le PavÃ© de l'Ours,BeerBrand
212,NoÃ«l de Silenrieux,BeerBrand
213,Sara Blond,BeerBrand
214,Sara Bruin,BeerBrand
215,Abbaye de Forest,BeerBrand
216,Brave Broeder,BeerBrand
217,Cervoise de l'Avouerie d'Anthisnes,BeerBrand
218,Double Enghien Blonde,BeerBrand
219,Double Enghien Brune,BeerBrand
220,Enghien NoÃ«l,BeerBrand
221,La CrÃ© Tonnerre,BeerBrand
222,La Divine,BeerBrand
223,Myn's Pils,BeerBrand
224,Pink Killer,BeerBrand
225,Saison de Silly,BeerBrand
226,Scotch Silly,BeerBrand
227,Silly Pils,BeerBrand
228,Silly Pils Bio,BeerBrand
229,Super 64,BeerBrand
230,Titje,BeerBrand
231,Betchard Blonde,BeerBrand
232,Betchard Brune,BeerBrand
233,Blanche de Tubize,BeerBrand
234,Boneffe,BeerBrand
235,Super des Fagnes Blonde,BeerBrand
236,Super des Fagnes Brune,BeerBrand
237,Super des Fagnes Griottes,BeerBrand
238,Gouyasse Tradition,BeerBrand
239,Gouyasse Triple,BeerBrand
240,Ducassis,BeerBrand
241,Goliath Blonde,BeerBrand
242,Goliath Triple,BeerBrand
243,Hercule Stout,BeerBrand
244,Saison 2000,BeerBrand
245,Saison Voisin,BeerBrand
246,Urchon,BeerBrand
247,Agrumbocq,BeerBrand
248,Applebocq,BeerBrand
249,Blanche de Namur,BeerBrand
250,Bocq Christmas,BeerBrand
251,"Brussels Fruit Beer ""Apple""",BeerBrand
252,"Brussels Fruit Beer ""Peaches""",BeerBrand
253,"Brussels Fruit Beer ""Red Fruit""",BeerBrand
254,CuvÃ©e Li Crochon,BeerBrand
255,Deugniet,BeerBrand
256,Gauloise AmbrÃ©e,BeerBrand
257,Gauloise Blonde,BeerBrand
258,Gauloise Brune,BeerBrand
259,Gauloise Christmas,BeerBrand
260,Gauloise Red,BeerBrand
261,Kriek Belgique,BeerBrand
262,PÃ¨re AbbÃ©,BeerBrand
263,Redbocq,BeerBrand
264,Regal Christmas,BeerBrand
265,Saint-BenoÃ®t Blonde,BeerBrand
266,Saint-BenoÃ®t Brune,BeerBrand
267,Saison Regal,BeerBrand
268,St. Benoit Blonde,BeerBrand
269,St. Benoit Brune,BeerBrand
270,St. Firminus Blond,BeerBrand
271,St. Firminus Bruin,BeerBrand
272,Triple Moine,BeerBrand
273,Waterloo Double 8 Dark,BeerBrand
274,Waterloo Tripel 7 Blond,BeerBrand
275,Queueu de Charrue AmbrÃ©e,BeerBrand
276,Queueu de Charrue Blonde,BeerBrand
277,Tempelier,BeerBrand
278,Poorter,BeerBrand
279,St. Paul Blond,BeerBrand
280,St. Paul Double,BeerBrand
281,St. Paul Speciale,BeerBrand
282,St. Paul Tripel,BeerBrand
283,St. Sebastiaan Dark,BeerBrand
284,St. Sebastiaan Grand Cru,BeerBrand
285,Blanche d'Ardenne,BeerBrand
286,CuvÃ©e du Flo AmbrÃ©e,BeerBrand
287,CuvÃ©e du Flo Blonde,BeerBrand
288,CuvÃ©e du Flo Brune,BeerBrand
289,CuvÃ©e du Flo Fruit,BeerBrand
290,CuvÃ©e du Flo Miel,BeerBrand
291,CuvÃ©e Jolie MÃ´me,BeerBrand
292,CuvÃ©e Saint-Antoine Blonde,BeerBrand
293,CuvÃ©e Saint-Antoine Brune,BeerBrand
294,BiÃ¨re de Beloeil,BeerBrand
295,Moinette Biologique,BeerBrand
296,Moinette Blonde,BeerBrand
297,Moinette Brune,BeerBrand
298,Monk's Stout,BeerBrand
299,Redor,BeerBrand
300,La Blanche des Saisis,BeerBrand
301,Quintine AmbrÃ©e,BeerBrand
302,Quintine Bio Organic,BeerBrand
303,Quintine Blonde,BeerBrand
304,Black Ghost,BeerBrand
305,Dark White BBB,BeerBrand
306,FantÃ´me,BeerBrand
307,FantÃ´me Chocolat,BeerBrand
308,FantÃ´me SpÃ©ciale Noel,BeerBrand
309,Pissenlit,BeerBrand
310,Gigi speciale,BeerBrand
311,3 Schtäng,BeerBrand
312,Brice,BeerBrand
313,Canaille,BeerBrand
314,Hervoise,BeerBrand
315,Joup,BeerBrand
316,Grelotte,BeerBrand
317,La Trompeuse,BeerBrand
318,La Barbiot AmbrÃ©e,BeerBrand
319,La Barbiot Blonde,BeerBrand
320,BiÃ¨re des Ours (Berenbier),BeerBrand
321,BiÃ¨re SpÃ©ciale Belge,BeerBrand
322,Rose des Remparts,BeerBrand
323,La Botteresse AmbrÃ©e,BeerBrand
324,La Botteresse BiÃ¨re de NoÃ«l,BeerBrand
325,La Botteresse Blonde,BeerBrand
326,La Botteresse Brune,BeerBrand
327,La Botteresse CÃ©rise,BeerBrand
328,La Botteresse Miel,BeerBrand
329,La Botteresse Pomme,BeerBrand
330,Sur-les-Bois AmbrÃ©e,BeerBrand
331,Sur-les-Bois Blonde,BeerBrand
332,Sur-les-Bois Brune,BeerBrand
333,Marckloff,BeerBrand
334,Frasnoise GivrÃ©e,BeerBrand
335,Frasnoise RÃ©tro,BeerBrand
336,Belgian Framboises,BeerBrand
337,Belgian Kriek,BeerBrand
338,Belgian PÃªches,BeerBrand
339,Lupulus Blonde,BeerBrand
340,Lupulus Brune,BeerBrand
341,Bella MÃ¨re,BeerBrand
342,Blanchette de Lorraine,BeerBrand
343,ColÃ¨re Rouge,BeerBrand
344,Green Buzz,BeerBrand
345,La Douce Vertus,BeerBrand
346,La Fumette,BeerBrand
347,La MÃ¨re Vertus,BeerBrand
348,La Mac Vertus,BeerBrand
349,La Moraipire,BeerBrand
350,La Safranaise,BeerBrand
351,Lâ€™Amarante,BeerBrand
352,Moulin de Hollange â€“ Blonde dâ€™Epeautre,BeerBrand
353,Spelziale,BeerBrand
354,Okymore-Oxymore,BeerBrand
355,Grand Cru St-Feuillien Grand Cru,BeerBrand
356,Saison St-Feuillien,BeerBrand
357,CuvÃ©e Ermesinde,BeerBrand
358,Saint-Monon AmbrÃ©e,BeerBrand
359,Saint-Monon au Miel,BeerBrand
360,Saint-Monon Brune,BeerBrand
361,Saison de Mai,BeerBrand
362,Li Berwette,BeerBrand
363,Li Berwette di NoyÃ¨,BeerBrand
364,Meuuh!,BeerBrand
365,Gypsy Rose,BeerBrand
366,La Grognarde,BeerBrand
367,La Prime,BeerBrand
368,Lily Blue,BeerBrand
369,Mistinguett,BeerBrand
370,Abbay d'Aulne Blonde des PÃ¨res 6,BeerBrand
371,Abbay d'Aulne Brune des PÃ¨res 6,BeerBrand
372,Abbay d'Aulne Super NoÃ«l 9,BeerBrand
373,Abbay d'Aulne Triple Blonde,BeerBrand
374,Abbay d'Aulne Triple Brune,BeerBrand
375,Abbay d'Aulne Val de Sambre,BeerBrand
376,Blanche de Charleroi,BeerBrand
377,La ChÃ©rie,BeerBrand
378,BiolÃ©gÃ¨re,BeerBrand
379,Bitter Sweet Symphony,BeerBrand
380,Den Twaalf,BeerBrand
381,Koerseklakske,BeerBrand
382,t Gaverhopke Blondje,BeerBrand
383,t Gaverhopke Bruintje,BeerBrand
384,t Gaverhopke Kerstbier,BeerBrand
385,t Gaverhopke Kriek,BeerBrand
386,t Gaverhopke Paasbier,BeerBrand
387,Zingende Blondine,BeerBrand
388,Nen Bangelijke,BeerBrand
389,Alvinne Extra Restyled,BeerBrand
390,Alvinne Lex'ke,BeerBrand
391,Alvinne Tripel,BeerBrand
392,Alvino Bourgogne Barrel OA,BeerBrand
393,Balthazar,BeerBrand
394,Bolleville Calvados Barrel OA,BeerBrand
395,Briekebakker,BeerBrand
396,Caper Fumatis,BeerBrand
397,CuvÃ©e d'Erpigny,BeerBrand
398,CuvÃ©e Freddy,BeerBrand
399,Darinckdelver,BeerBrand
400,De Eycken Balthazar,BeerBrand
401,Festina Lente,BeerBrand
402,Freaky,BeerBrand
403,Freaky Dark,BeerBrand
404,Gaspar,BeerBrand
405,Halleschelle,BeerBrand
406,Kerasus,BeerBrand
407,Mano Negra,BeerBrand
408,Melchior,BeerBrand
409,Melchior Oak Aged,BeerBrand
410,Morpheus Dark,BeerBrand
411,Morpheus Extra RA,BeerBrand
412,Morpheus Tripel,BeerBrand
413,Morpheus Wild,BeerBrand
414,n Maurootje,BeerBrand
415,Naked Ladies,BeerBrand
416,Pipedream,BeerBrand
417,Podge Belgian Imperial Stout,BeerBrand
418,Podge Oak Aged Stout,BeerBrand
419,Nivoo,BeerBrand
420,Boerke Blond,BeerBrand
421,Boerke Bruin,BeerBrand
422,Boerke Krieken,BeerBrand
423,Augrenette,BeerBrand
424,Augrenoise,BeerBrand
425,Augrenoise Blonde de NoÃ«l,BeerBrand
426,Bavik Blond,BeerBrand
427,Bavik Faro,BeerBrand
428,Bavik Pony-Stout,BeerBrand
429,Bavik Premium Pils,BeerBrand
430,Bavik Triple Bock,BeerBrand
431,Big Bavik,BeerBrand
432,Ezel Bruin,BeerBrand
433,Ezel Wit,BeerBrand
434,Fancy,BeerBrand
435,Gold Pils,BeerBrand
436,Kwaremont,BeerBrand
437,Petrus Aged Pale,BeerBrand
438,Petrus Blond,BeerBrand
439,Petrus Dubbel Bruin,BeerBrand
440,Petrus Gouden Tripel,BeerBrand
441,Petrus Oud Bruin,BeerBrand
442,Petrus Speciale,BeerBrand
443,Petrus Winterbier,BeerBrand
444,Pilaarbijter Blond,BeerBrand
445,Pilaarbijter Bruin,BeerBrand
446,Wittekerke,BeerBrand
447,Wittekerke Passion,BeerBrand
448,Wittekerke RosÃ©,BeerBrand
449,Snoek Blond,BeerBrand
450,Belgoo Arboo,BeerBrand
451,Belgoo Luppoo,BeerBrand
452,Belgoo Magus,BeerBrand
453,Belgoo Maxus,BeerBrand
454,Belle-Vue Extra Framboise,BeerBrand
455,Belle-Vue Extra Kriek,BeerBrand
456,Belle-Vue Framboise,BeerBrand
457,Belle-Vue Gueuze,BeerBrand
458,Belle-Vue Kriek,BeerBrand
459,Belle-Vue Kriek Classique,BeerBrand
460,Belle-Vue LA,BeerBrand
461,Stropken,BeerBrand
462,Zwijntje,BeerBrand
463,Bellegems Bruin,BeerBrand
464,Bellegems Witbier,BeerBrand
465,BLAUW,BeerBrand
466,Bockor Pils,BeerBrand
467,Framboise Max Jacobins,BeerBrand
468,Geuze Jacobins,BeerBrand
469,Kriek Jacobins,BeerBrand
470,Kriek Max,BeerBrand
471,Omer.,BeerBrand
472,RosÃ© Max,BeerBrand
473,Vanderghinste oud bruin,BeerBrand
474,Bieken,BeerBrand
475,Dubbel Klok,BeerBrand
476,Jezuwiet,BeerBrand
477,Pa-Gijs,BeerBrand
478,Prinsesken,BeerBrand
479,Santa Bee,BeerBrand
480,Tripel Klok,BeerBrand
481,Waas Klok Bier Bruin,BeerBrand
482,Waas Klok Bier Tripel,BeerBrand
483,Waase Wolf,BeerBrand
484,Waaslander,BeerBrand
485,Pikkeling Tripel,BeerBrand
486,Oud Tassels,BeerBrand
487,Duivels Bier,BeerBrand
488,Faro Boon,BeerBrand
489,Faro Perte Totale,BeerBrand
490,Framboise Boon,BeerBrand
491,Geuze Mariage Parfait,BeerBrand
492,Jack-Op,BeerBrand
493,Kriek Boon,BeerBrand
494,Kriek Mariage Parfait,BeerBrand
495,Oude Geuze Boon,BeerBrand
496,Oude Kriek Boon,BeerBrand
497,DeuS,BeerBrand
498,Pauwel Kwak,BeerBrand
499,t Zelfde,BeerBrand
500,Tripel Karmeliet,BeerBrand
501,Broeder Jacob Bruin,BeerBrand
502,Broeder Jacob Tripel,BeerBrand
503,La Sambresse Blonde,BeerBrand
504,Cantillon Geuze,BeerBrand
505,CuvÃ©e Saint Gilloise,BeerBrand
506,Geuze Cantillon 100 Lambic Bio,BeerBrand
507,Iris,BeerBrand
508,Kriek Cantillon 100 Lambic,BeerBrand
509,Mamouche,BeerBrand
510,Saint-Lamvinus,BeerBrand
511,Vingeronne,BeerBrand
512,Bon Secours AmbrÃ©e,BeerBrand
513,Bon Secours Blonde,BeerBrand
514,Bon Secours Brune,BeerBrand
515,Bon Secours Framboise,BeerBrand
516,Bon Secours Myrtille,BeerBrand
517,Bon Secours NoÃ«l,BeerBrand
518,Cnudde Bizon,BeerBrand
519,Cnudde Oudenaards bruin (Kerkhofbier),BeerBrand
520,Carlos,BeerBrand
521,Contrapils,BeerBrand
522,Contreras' Especial Mars,BeerBrand
523,El Toro,BeerBrand
524,Tonneke,BeerBrand
525,Valeir Blond,BeerBrand
526,Valeir Divers,BeerBrand
527,Valeir Donker,BeerBrand
528,Valeir Extra,BeerBrand
529,X-Mas Beer,BeerBrand
530,Chouffe Bok 6666,BeerBrand
531,Houblon Chouffe Dobbelen IPA Tripel,BeerBrand
532,La Chouffe,BeerBrand
533,Kwibus Blond,BeerBrand
534,Kwibus Donker,BeerBrand
535,Nen Biskop,BeerBrand
536,Nello's Blond,BeerBrand
537,Nello's Tripel,BeerBrand
538,Patrasche dubbel,BeerBrand
539,Blonde Bie,BeerBrand
540,Double Bie,BeerBrand
541,Hellekapelle,BeerBrand
542,Helleketelbier,BeerBrand
543,Kerstbie,BeerBrand
544,Kriekedebie,BeerBrand
545,Plokkersbier,BeerBrand
546,Riebedebie,BeerBrand
547,Stoute Bie,BeerBrand
548,Zatte Bie,BeerBrand
549,Dendermonde Tripel,BeerBrand
550,Kastaar,BeerBrand
551,Satan Gold,BeerBrand
552,Satan Red,BeerBrand
553,Special 6 Block,BeerBrand
554,Sinpalsken Blond,BeerBrand
555,Sinpalsken Donker,BeerBrand
556,Bravoure,BeerBrand
557,Courage,BeerBrand
558,Embrasse,BeerBrand
559,Embrasse Special Edition,BeerBrand
560,Finesse,BeerBrand
561,L'Enfant Terrible,BeerBrand
562,Noblesse,BeerBrand
563,Noblesse Extra,BeerBrand
564,Canaster,BeerBrand
565,CuvÃ©e AngÃ©lique,BeerBrand
566,Jan De Lichte,BeerBrand
567,Ondineke,BeerBrand
568,Saison d'Erpe-Mere,BeerBrand
569,Boembeke Luiwerk,BeerBrand
570,De Graal Blond,BeerBrand
571,De Graal Dubbel,BeerBrand
572,De Graal Gember,BeerBrand
573,De Graal Quest,BeerBrand
574,De Graal SloCK,BeerBrand
575,De Graal Tripel,BeerBrand
576,De Graal Triverius,BeerBrand
577,Ghulden Cop,BeerBrand
578,Hector,BeerBrand
579,Jean Nicot,BeerBrand
580,Quest,BeerBrand
581,Triverius,BeerBrand
582,Odlo Blond,BeerBrand
583,Odlo Triviaal,BeerBrand
584,Johannes,BeerBrand
585,Carnavalsbier,BeerBrand
586,Den Zytholoog,BeerBrand
587,Koekelaring,BeerBrand
588,Nen Uts,BeerBrand
589,Toria Blond,BeerBrand
590,Toria Tripel,BeerBrand
591,Hopjutters Triple Hop,BeerBrand
592,Mouten Kop,BeerBrand
593,Content,BeerBrand
594,Blondine IPA,BeerBrand
595,Kwets,BeerBrand
596,Rogier,BeerBrand
597,Brugse Bok,BeerBrand
598,Brugse Zot Blond,BeerBrand
599,Brugse Zot Dubbel,BeerBrand
600,Straffe Hendrik,BeerBrand
601,Straffe Hendrik Quadrupel,BeerBrand
602,De Verboden Vrucht,BeerBrand
603,Hoegaarden,BeerBrand
604,"Hoegaarden 0,0",BeerBrand
605,"Hoegaarden 0,0 RosÃ©e",BeerBrand
606,Hoegaarden Citron,BeerBrand
607,Hoegaarden Grand Cru,BeerBrand
608,Hoegaarden RosÃ©e,BeerBrand
609,Hoegaarden SpÃ©ciale,BeerBrand
610,Hoegaarden Verboden Vrucht,BeerBrand
611,Hougaerdse Das,BeerBrand
612,Julius,BeerBrand
613,De Koninck,BeerBrand
614,De Koninck Triple d'Anvers,BeerBrand
615,De Koninck Winter,BeerBrand
616,Winterkoninck,BeerBrand
617,Urthel Hop-It,BeerBrand
618,Urthel SaisonniÃ¨re,BeerBrand
619,Urthel Samaranth,BeerBrand
620,Malheur 10,BeerBrand
621,Malheur 12,BeerBrand
622,Malheur 6,BeerBrand
623,Malheur 8,BeerBrand
624,Malheur BiÃ¨re Brut,BeerBrand
625,Malheur CuvÃ©e Royale,BeerBrand
626,Malheur Dark Brut,BeerBrand
627,s Lands Souvenirs Du Terroir,BeerBrand
628,Bon Homme,BeerBrand
629,CuvÃ©e Jeun'homme,BeerBrand
630,CuvÃ©e Mam'zelle,BeerBrand
631,Enfant Terriple,BeerBrand
632,Femme Fatale,BeerBrand
633,Ma MÃ¨re SpÃ©ciale,BeerBrand
634,Urthel Hibernus Quentum,BeerBrand
635,Urthel Parlus Magnificum,BeerBrand
636,Urthel Tonicum Finiboldus,BeerBrand
637,Keikop,BeerBrand
638,CuvÃ©e De Ranke,BeerBrand
639,Guldenberg,BeerBrand
640,Hop Harvest,BeerBrand
641,Kriek De Ranke,BeerBrand
642,Noir de Dottignies,BeerBrand
643,PÃ¨re NoÃ«l,BeerBrand
644,Saison de Dottignies,BeerBrand
645,XX Bitter,BeerBrand
646,Wevelgemse Tripel,BeerBrand
647,Equinox,BeerBrand
648,Jambe-de-bois,BeerBrand
649,Saison de la Senne,BeerBrand
650,Stouterik,BeerBrand
651,Taras Boulba,BeerBrand
652,Zinnebir,BeerBrand
653,Brugs Beertje 20,BeerBrand
654,Brugs Beertje 25,BeerBrand
655,De Regenboog IJzer,BeerBrand
656,Guido,BeerBrand
657,Pandreitje,BeerBrand
658,Pierewietje,BeerBrand
659,Snuffelbeer,BeerBrand
660,t Smisje + dubbel IPA,BeerBrand
661,t Smisje Banananbier,BeerBrand
662,t Smisje BBBourgondier,BeerBrand
663,t Smisje Blond,BeerBrand
664,t Smisje Calva Reserva,BeerBrand
665,t Smisje Catherine The Great Imperial Stout,BeerBrand
666,t Smisje Cuvee 2005,BeerBrand
667,t Smisje Dubbel,BeerBrand
668,t Smisje Fiori,BeerBrand
669,t Smisje Grande Reserva,BeerBrand
670,t Smisje Great Reserva,BeerBrand
671,t Smisje Halloween,BeerBrand
672,t Smisje Honing,BeerBrand
673,t Smisje Honingbier Bruin,BeerBrand
674,t Smisje Kuvee Elektrik 979 W,BeerBrand
675,t Smisje Meso,BeerBrand
676,t Smisje Sleedoorn Extra,BeerBrand
677,t Smisje Sleedoornbier,BeerBrand
678,t Smisje Speciaal,BeerBrand
679,t Smisje Tripel,BeerBrand
680,t Zwarte Gat Bier,BeerBrand
681,Terracotta,BeerBrand
682,Vuuve,BeerBrand
683,Wostyntje,BeerBrand
684,Steenuilke,BeerBrand
685,Arend Blond,BeerBrand
686,Arend Dubbel,BeerBrand
687,Arend Tripel,BeerBrand
688,Arend Winter,BeerBrand
689,Christmas Pale Ale,BeerBrand
690,Gouden Arend 125,BeerBrand
691,Jules de Bananes,BeerBrand
692,Jules de Kriek,BeerBrand
693,Kriek Fantastiek,BeerBrand
694,Special De Ryck,BeerBrand
695,Ne Flierefluiter,BeerBrand
696,Chapeau Abricot,BeerBrand
697,Chapeau Banana,BeerBrand
698,Chapeau CuvÃ©e Oude Gueuze,BeerBrand
699,Chapeau Exotic (ananas),BeerBrand
700,Chapeau Faro,BeerBrand
701,Chapeau Fraises,BeerBrand
702,Chapeau Framboise,BeerBrand
703,Chapeau Gueuze,BeerBrand
704,Chapeau Kriek,BeerBrand
705,Chapeau Lemon,BeerBrand
706,Chapeau Mirabelle,BeerBrand
707,Chapeau PÃªche,BeerBrand
708,Chapeau Winter Gueuze,BeerBrand
709,Brut,BeerBrand
710,Carrousel,BeerBrand
711,De Vlier X-Mas,BeerBrand
712,Ferme Framboos,BeerBrand
713,Gulden Delle,BeerBrand
714,Holsbeek Lentetripel,BeerBrand
715,Kessel 69,BeerBrand
716,Kessel Blond,BeerBrand
717,Antiek Blond,BeerBrand
718,Antiek Bruin,BeerBrand
719,Antiek Super 5 Blond,BeerBrand
720,Snaaskerstbier,BeerBrand
721,Vleteren Alt,BeerBrand
722,Vleteren Super 8 Blond,BeerBrand
723,Papegaei,BeerBrand
724,Den Herberg Amber,BeerBrand
725,Den Herberg Blond,BeerBrand
726,Den Herberg Bruin,BeerBrand
727,Den Herberg Tarwe,BeerBrand
728,Zennenat,BeerBrand
729,Kameleon Amber,BeerBrand
730,Kameleon Donker,BeerBrand
731,Kameleon Ginseng,BeerBrand
732,Kameleon Tripel,BeerBrand
733,Den ToetÃ«lÃ¨r,BeerBrand
734,Den Bi3r,BeerBrand
735,Den Bras,BeerBrand
736,Den Drupneuze,BeerBrand
737,Den Mulder,BeerBrand
738,Den Tseut,BeerBrand
739,Bos Bier,BeerBrand
740,Donkere Stoere,BeerBrand
741,Eeuwige Liefde,BeerBrand
742,Fruitig Bierreke,BeerBrand
743,Goeie Koffe,BeerBrand
744,Goud Vuur,BeerBrand
745,Mc Thals,BeerBrand
746,Vurig Bierreke,BeerBrand
747,Beer for Life,BeerBrand
748,Vicardin,BeerBrand
749,Vicaris Generaal,BeerBrand
750,Vicaris Kerst,BeerBrand
751,Vicaris Quinto,BeerBrand
752,Vicaris Tripel,BeerBrand
753,NOORderbierke,BeerBrand
754,ZUIDerbierke,BeerBrand
755,Bokrijks,BeerBrand
756,Corsendonk Agnus,BeerBrand
757,Corsendonk Blond,BeerBrand
758,Corsendonk Bruin,BeerBrand
759,Corsendonk Christmas Ale,BeerBrand
760,Corsendonk Pater,BeerBrand
761,Corsendonk Rousse,BeerBrand
762,Corsendonk Triple 11.11.11,BeerBrand
763,Bush 7,BeerBrand
764,Bush Amber,BeerBrand
765,Bush Amber Tripel,BeerBrand
766,Bush Blond,BeerBrand
767,Bush Blond Triple,BeerBrand
768,Bush de NoÃ«l,BeerBrand
769,Bush de NoÃ«l Premium,BeerBrand
770,Bush de Nuits,BeerBrand
771,Bush Prestige,BeerBrand
772,CuvÃ©e des Trolls,BeerBrand
773,CuvÃ©e des Trolls Triple,BeerBrand
774,PÃªche Mel Bush,BeerBrand
775,BiÃ¨re de Miel Bio,BeerBrand
776,Blanche du Hainaut Bio,BeerBrand
777,Bons Voeux,BeerBrand
778,Cervesia,BeerBrand
779,Saison Dupont,BeerBrand
780,Saison Dupont Bio,BeerBrand
781,Saison Dupont CuvÃ©e Dry Hopping,BeerBrand
782,Bel Pils,BeerBrand
783,Duvel,BeerBrand
784,Duvel Tripel Hop,BeerBrand
785,Maredsous blond,BeerBrand
786,Maredsous bruin,BeerBrand
787,Maredsous tripel,BeerBrand
788,Passendale,BeerBrand
789,Steendonk,BeerBrand
790,TournÃ©e GÃ©nÃ©rale,BeerBrand
791,Vedett Extra Blond,BeerBrand
792,Vedett Extra White,BeerBrand
793,Tripel Kanunnik,BeerBrand
794,Fort Lapin 8,BeerBrand
795,Faro Girardin,BeerBrand
796,Framboise Girardin,BeerBrand
797,Gueuze Girardin,BeerBrand
798,Gueuze Girardin gefilterd,BeerBrand
799,Kriek Girardin,BeerBrand
800,Ulricher Extra,BeerBrand
801,Gruut Amber,BeerBrand
802,Gruut Blond,BeerBrand
803,Gruut Bruin,BeerBrand
804,Gruut Inferno,BeerBrand
805,Gruut Wit,BeerBrand
806,Kalle,BeerBrand
807,Manten,BeerBrand
808,Netebuk,BeerBrand
809,Tineke Van Heule,BeerBrand
810,Vlaskapelle,BeerBrand
811,Zeven Zonden Gula,BeerBrand
812,Zeven Zonden Luxuria,BeerBrand
813,Adler,BeerBrand
814,Bavaro,BeerBrand
815,Cara Pils,BeerBrand
816,Celestus,BeerBrand
817,Coq Hardi,BeerBrand
818,Eupener Bier,BeerBrand
819,Export 8,BeerBrand
820,Gildenbier,BeerBrand
821,Horst bier,BeerBrand
822,Keizer Karel Goud Blond,BeerBrand
823,Keizer Karel Robijn Rood,BeerBrand
824,Leeuw Pilsener,BeerBrand
825,Maltosa,BeerBrand
826,Mystic Krieken,BeerBrand
827,Mystic Limoen,BeerBrand
828,Mystic Perzik,BeerBrand
829,Ommegang,BeerBrand
830,Primus,BeerBrand
831,Speciale 1900,BeerBrand
832,Star Blond,BeerBrand
833,Tongerlo Blond,BeerBrand
834,Tongerlo Bruin,BeerBrand
835,Tongerlo Christmas,BeerBrand
836,Tongerlo Prior,BeerBrand
837,Tongerlo Tripel,BeerBrand
838,White by Mystic,BeerBrand
839,Hanssens Lambic Experimental Cassis,BeerBrand
840,Hanssens Lambic Experimental Raspberry,BeerBrand
841,Ambetanterik,BeerBrand
842,Den Alternatief,BeerBrand
843,Tatsevoet,BeerBrand
844,Bittere Waarheid,BeerBrand
845,Hik Blond,BeerBrand
846,Hik Bruin,BeerBrand
847,Piet-Agoras,BeerBrand
848,Eerwaarde Pater,BeerBrand
849,Anker Blond,BeerBrand
850,Anker Boscoulis,BeerBrand
851,Anker Herfstbok,BeerBrand
852,Anker Pils,BeerBrand
853,Boscoli,BeerBrand
854,CuvÃ©e van de Keizer Blauw,BeerBrand
855,CuvÃ©e van de Keizer Rood,BeerBrand
856,Dentergems Wit,BeerBrand
857,Gouden Carolus Ambrio,BeerBrand
858,Gouden Carolus Christmas,BeerBrand
859,Gouden Carolus Classic,BeerBrand
860,Gouden Carolus Easter,BeerBrand
861,Gouden Carolus Hopsinjoor,BeerBrand
862,Gouden Carolus Tripel,BeerBrand
863,Maneblusser,BeerBrand
864,Margriet,BeerBrand
865,Vossen met de Meynen Blond,BeerBrand
866,Lucifer,BeerBrand
867,Robustus,BeerBrand
868,Bock Leroy,BeerBrand
869,Bruin Leroy,BeerBrand
870,Crack Pils,BeerBrand
871,Jan Buuc,BeerBrand
872,Katje Special,BeerBrand
873,Kerelsbier Donker,BeerBrand
874,Kerelsbier Licht,BeerBrand
875,Lokernaere,BeerBrand
876,Paulus,BeerBrand
877,Peter Benoit,BeerBrand
878,Prima Leroy,BeerBrand
879,Ridder,BeerBrand
880,Sas Brune,BeerBrand
881,Sas Export,BeerBrand
882,Sas Pils,BeerBrand
883,SasbrÃ¤u,BeerBrand
884,Stout Leroy,BeerBrand
885,Suma Pils,BeerBrand
886,West Pils,BeerBrand
887,Yperman,BeerBrand
888,Hof ten Dormaal Amber,BeerBrand
889,Hof ten Dormaal Blond,BeerBrand
890,Hof ten Dormaal Donker,BeerBrand
891,Vossen met de Meynen 69,BeerBrand
892,Wit Goud,BeerBrand
893,Aarschotse Bruine,BeerBrand
894,Artevelde,BeerBrand
895,Artevelde Grand Cru,BeerBrand
896,BiÃ¨re du Corsaire CuvÃ©e SpÃ©ciale,BeerBrand
897,Blanche des Neiges,BeerBrand
898,Campus,BeerBrand
899,Campus Gold,BeerBrand
900,Campus Premium,BeerBrand
901,Delirium Christmas,BeerBrand
902,Delirium Nocturnum,BeerBrand
903,Delirium Red,BeerBrand
904,Delirium Tremens,BeerBrand
905,Floris Cactus,BeerBrand
906,Floris Chocolat,BeerBrand
907,Floris Fraise,BeerBrand
908,Floris Framboise,BeerBrand
909,Floris Griotte,BeerBrand
910,Floris Honey,BeerBrand
911,Floris Kriek,BeerBrand
912,Floris Mango,BeerBrand
913,Floris Ninkeberry,BeerBrand
914,Floris Passion,BeerBrand
915,Floris Pear,BeerBrand
916,Floris Pomme / Apple,BeerBrand
917,Floris Witbier,BeerBrand
918,Glutaner,BeerBrand
919,Golden Kenia,BeerBrand
920,La Guillotine,BeerBrand
921,La Poiluchette Blonde CuvÃ©Ã© du ChÃ¢teau,BeerBrand
922,La Poiluchette Brune,BeerBrand
923,Melse God,BeerBrand
924,Mongozo Banana,BeerBrand
925,Mongozo Coconut,BeerBrand
926,Mongozo Mango,BeerBrand
927,Mongozo Palmnut,BeerBrand
928,Mongozo Premium Pilsener,BeerBrand
929,Mongozo Quinua,BeerBrand
930,Sint-Idesbald,BeerBrand
931,Sint-Idesbald RÃ©serve Ten Duinen Blond,BeerBrand
932,Sint-Idesbald RÃ©serve Ten Duinen Dubbel,BeerBrand
933,Sint-Idesbald RÃ©serve Ten Duinen Rousse,BeerBrand
934,Sint-Idesbald RÃ©serve Ten Duinen Tripel,BeerBrand
935,Villers Tripel,BeerBrand
936,Villers Vieille,BeerBrand
937,Bersalis Kadet,BeerBrand
938,Bersalis Tripel,BeerBrand
939,Scheldepils,BeerBrand
940,Witte Pol,BeerBrand
941,Zwarte Pol,BeerBrand
942,Pimpernelle,BeerBrand
943,BiÃ¨re de Garde,BeerBrand
944,Bink Bloesem,BeerBrand
945,Bink Blond,BeerBrand
946,Bink Bruin,BeerBrand
947,Foewerbier,BeerBrand
948,Kerkomse Tripel,BeerBrand
949,Kortrijk-dâ€™Utsel,BeerBrand
950,La Binchoise Blonde,BeerBrand
951,La Binchoise Brune,BeerBrand
952,La Binchoise Organicâ€™ Brune,BeerBrand
953,La Binchoise Organicâ€™ Miel,BeerBrand
954,La Binchoise Organicâ€™ Triple,BeerBrand
955,La Binchoise SpÃ©ciale NoÃ«l,BeerBrand
956,La Binchoise Triple,BeerBrand
957,La Binchoise XO,BeerBrand
958,Abbaye de Bonne-EspÃ©rance,BeerBrand
959,Abbaye de Oudkerken,BeerBrand
960,BarbÃ£r,BeerBrand
961,BarbÃ£r Winter Bok,BeerBrand
962,Blanche de Bruxelles,BeerBrand
963,CuvÃ©e de Francorchamps,BeerBrand
964,Floreffe Blond,BeerBrand
965,Floreffe Dubbel,BeerBrand
966,Floreffe Prima Melior,BeerBrand
967,Floreffe Tripel,BeerBrand
968,Floreffe Wit-Bier,BeerBrand
969,Hopus,BeerBrand
970,Manneke Pils,BeerBrand
971,Moeder Overste,BeerBrand
972,Newton,BeerBrand
973,Saison 1900,BeerBrand
974,Jan van Gent,BeerBrand
975,Liefmans CuvÃ©e-Brut,BeerBrand
976,Liefmans Frambozenbier,BeerBrand
977,Liefmans Fruitesse Rood,BeerBrand
978,Liefmans Goudenband,BeerBrand
979,Liefmans Oud Bruin,BeerBrand
980,Vondel,BeerBrand
981,CuvÃ©e RenÃ© Oude Geuze,BeerBrand
982,CuvÃ©e RenÃ© Oude Kriek,BeerBrand
983,Faro Lambic Lindemans,BeerBrand
984,Framboise Lindemans,BeerBrand
985,Geuze Lindemans,BeerBrand
986,Kriek Lindemans,BeerBrand
987,Lindemans Apple,BeerBrand
988,Lindemans Cassis,BeerBrand
989,Lindemans Framboise,BeerBrand
990,Lindemans Kriek,BeerBrand
991,Lindemans Pecheresse,BeerBrand
992,Loterbol 6Â°,BeerBrand
993,Loterbol Blond,BeerBrand
994,Loterbol Bruin,BeerBrand
995,Roodebol,BeerBrand
996,Tuverbol,BeerBrand
997,Akila Pils,BeerBrand
998,Flandrien,BeerBrand
999,Louwaege Dubbel Blond,BeerBrand
1000,Louwaege Faro,BeerBrand
1001,Louwaege Stout,BeerBrand
1002,Wolf 7,BeerBrand
1003,Wolf 8,BeerBrand
1004,Wolf 9,BeerBrand
1005,Paternoster Tripel,BeerBrand
1006,Odlo Hivernum,BeerBrand
1007,Berentemmer,BeerBrand
1008,Hoppa Hontas,BeerBrand
1009,Koeketiene,BeerBrand
1010,Qantelaar,BeerBrand
1011,Holger,BeerBrand
1012,Karlsquell,BeerBrand
1013,Martens Pils,BeerBrand
1014,Sezoens Blond,BeerBrand
1015,Sezoens Quattro,BeerBrand
1016,SchultenbrÃ¤u,BeerBrand
1017,AlpaÃ¯de,BeerBrand
1018,AlpaÃ¯de CuvÃ©e van de generaal,BeerBrand
1019,Huardis,BeerBrand
1020,Rosdel,BeerBrand
1021,Framboise Oud Beersel,BeerBrand
1022,Oude Geuze Oud Beersel,BeerBrand
1023,Oude Kriek Oud Beersel,BeerBrand
1024,Bock Pils,BeerBrand
1025,Dobbel Palm,BeerBrand
1026,Estaminet Premium Pils,BeerBrand
1027,Palm,BeerBrand
1028,Palm Dobbel,BeerBrand
1029,Palm Green,BeerBrand
1030,Palm Hopper,BeerBrand
1031,Palm N.A,BeerBrand
1032,Palm Royale,BeerBrand
1033,Palm Sauvin,BeerBrand
1034,Palm Speciale,BeerBrand
1035,Steenbrugge Blond,BeerBrand
1036,Steenbrugge Wit,BeerBrand
1037,TournÃ©e GÃ©nÃ©rale Tripel Hop,BeerBrand
1038,Brugge Blond,BeerBrand
1039,Brugge Tripel,BeerBrand
1040,Steenbrugge Dubbel Bruin,BeerBrand
1041,Steenbrugge Tripel,BeerBrand
1042,Gordon Xmas,BeerBrand
1043,Jupiler,BeerBrand
1044,Delhaize Tafelbier Blond,BeerBrand
1045,Delhaize Tafelbier Bruin,BeerBrand
1046,Jupiler Blue,BeerBrand
1047,Jupiler NA,BeerBrand
1048,PiedbÅ“uf Blonde,BeerBrand
1049,PiedbÅ“uf Brune,BeerBrand
1050,PiedbÅ“uf Excellence,BeerBrand
1051,PiedbÅ“uf FoncÃ©e,BeerBrand
1052,PiedbÅ“uf Triple,BeerBrand
1053,Abdis Blond,BeerBrand
1054,Abdis Bruin,BeerBrand
1055,Abdis Tripel,BeerBrand
1056,Riva Blanche,BeerBrand
1057,Redbach,BeerBrand
1058,Rodenbach,BeerBrand
1059,Rodenbach Alexander,BeerBrand
1060,Rodenbach CaractÃ¨re Rouge,BeerBrand
1061,Rodenbach Grand Cru,BeerBrand
1062,Rodenbach Vintage,BeerBrand
1063,Adriaen Brouwer,BeerBrand
1064,Adriaen Brouwer Dark Gold,BeerBrand
1065,Alfri,BeerBrand
1066,Black Hole,BeerBrand
1067,Ename Blond,BeerBrand
1068,Ename CuvÃ©e 974,BeerBrand
1069,Ename Dubbel,BeerBrand
1070,Ename Tripel,BeerBrand
1071,Gentse Strop,BeerBrand
1072,Mater Witbier,BeerBrand
1073,Romy Pils,BeerBrand
1074,Sloeber,BeerBrand
1075,Special Roman,BeerBrand
1076,Bokkereyer,BeerBrand
1077,Bosbier,BeerBrand
1078,Herkenrode Bruin,BeerBrand
1079,Herkenrode Tripel,BeerBrand
1080,Itters Bruin,BeerBrand
1081,Kriekenbier,BeerBrand
1082,Limburgse Witte,BeerBrand
1083,Opitter,BeerBrand
1084,Ops-Ale,BeerBrand
1085,Pax Pils,BeerBrand
1086,Sint-Gummarus Dubbel,BeerBrand
1087,Sint-Gummarus Tripel,BeerBrand
1088,Plezir Blond,BeerBrand
1089,Plezir Brown,BeerBrand
1090,Plezir D Lux Blond,BeerBrand
1091,Plezir D Lux RosÃ©,BeerBrand
1092,Adelardus,BeerBrand
1093,Adelardus Tripel,BeerBrand
1094,Winterkoninkske,BeerBrand
1095,Winterkoninkske Haspengouwse Grand Cru,BeerBrand
1096,Ambiorix,BeerBrand
1097,Drongens Plezierke,BeerBrand
1098,Hertalse Poorter,BeerBrand
1099,Slag Lager,BeerBrand
1100,Slaghmuylder's Kerstbier,BeerBrand
1101,Slaghmuylder's Paasbier,BeerBrand
1102,Witkap Pater Dubbel,BeerBrand
1103,Witkap Pater Stimulo,BeerBrand
1104,Pikkeling,BeerBrand
1105,Witkap Pater Special,BeerBrand
1106,Witkap Pater Tripel,BeerBrand
1107,KerstSmiske,BeerBrand
1108,Smisje Kerst,BeerBrand
1109,Smiske,BeerBrand
1110,Smiske Bruin,BeerBrand
1111,Smiske Extra,BeerBrand
1112,Smiske Winter,BeerBrand
1113,Grotten Flemish Ale,BeerBrand
1114,Grottenbier,BeerBrand
1115,Grisette AmbrÃ©e,BeerBrand
1116,Grisette Blanche,BeerBrand
1117,Grisette Blonde,BeerBrand
1118,Grisette CÃ©rise,BeerBrand
1119,Grisette Country Cool,BeerBrand
1120,Grisette Fruits des Bois,BeerBrand
1121,St. Feuillien Blonde,BeerBrand
1122,St. Feuillien Brune RÃ©serve,BeerBrand
1123,St. Feuillien CuvÃ©e de NoÃ«l,BeerBrand
1124,St. Feuillien Triple,BeerBrand
1125,St. Bernardus Abt 12,BeerBrand
1126,St. Bernardus Christmas Ale,BeerBrand
1127,St. Bernardus Pater 6,BeerBrand
1128,St. Bernardus Prior 8,BeerBrand
1129,St. Bernardus Tripel,BeerBrand
1130,St. Bernardus Witbier,BeerBrand
1131,Watou Tripel,BeerBrand
1132,Wechelse Tripel,BeerBrand
1133,Couckelaerschen Doedel,BeerBrand
1134,Dikke Mathile,BeerBrand
1135,Dobbelken Amber,BeerBrand
1136,Dobbelken Bruin,BeerBrand
1137,Edel-Brau,BeerBrand
1138,Houten Kop,BeerBrand
1139,Ichtegem's Oud Bruin,BeerBrand
1140,Ichtegemâ€™s grand cru,BeerBrand
1141,IPA,BeerBrand
1142,Keyte,BeerBrand
1143,Keyte-Dobbel-Tripel,BeerBrand
1144,n Peerdevisscher,BeerBrand
1145,Oud Bier,BeerBrand
1146,Oud Kriekenbier,BeerBrand
1147,Oud Zottegems Bier,BeerBrand
1148,Strubbe Pils,BeerBrand
1149,Superpils,BeerBrand
1150,Vlaskop,BeerBrand
1151,Wittoen,BeerBrand
1152,Snoek Bruin,BeerBrand
1153,Strandjuttersbier Mong De Vos,BeerBrand
1154,Tramelantje,BeerBrand
1155,Modeste Bruin,BeerBrand
1156,Modeste Tripel,BeerBrand
1157,Cezarken,BeerBrand
1158,Egmont,BeerBrand
1159,Pee Klak Grand Cru,BeerBrand
1160,Zottegemse Grand Cru,BeerBrand
1161,Haanse Witte,BeerBrand
1162,Spioenkopje,BeerBrand
1163,Leireken Boekweit Blond,BeerBrand
1164,Leireken Boekweit Bruin,BeerBrand
1165,Leireken Lager Bio,BeerBrand
1166,Leireken Wilde Vruchten,BeerBrand
1167,Leireken Witte Spelt,BeerBrand
1168,Liers Kerstbier,BeerBrand
1169,Ter Dolen Donker,BeerBrand
1170,Ter Dolen Kriek,BeerBrand
1171,Ter Dolen Tripel,BeerBrand
1172,Bourgogne des Flandres Blond,BeerBrand
1173,Bourgogne des Flandres Bruin,BeerBrand
1174,Timmermans Caveau Gueuze,BeerBrand
1175,Timmermans Faro Lambic,BeerBrand
1176,Timmermans Framboise Lambic,BeerBrand
1177,Timmermans Gueuze Lambic,BeerBrand
1178,Timmermans Kriek Lambic,BeerBrand
1179,Timmermans Kriek Retro,BeerBrand
1180,Timmermans Lambicus Blanche,BeerBrand
1181,Timmermans Oude Gueuze,BeerBrand
1182,Timmermans Oude Kriek,BeerBrand
1183,Timmermans PÃªche Lambic,BeerBrand
1184,Timmermans Strawberry Lambic,BeerBrand
1185,Timmermans Warme Kriek,BeerBrand
1186,Val-Dieu Blonde,BeerBrand
1187,Val-Dieu Brune,BeerBrand
1188,Val-Dieu Grand Cru,BeerBrand
1189,Val-Dieu Triple,BeerBrand
1190,Buffalo,BeerBrand
1191,Buffalo Belgian Stout,BeerBrand
1192,Buffalo Bitter,BeerBrand
1193,Kerstpater,BeerBrand
1194,Lamoral Degmont,BeerBrand
1195,Livinus,BeerBrand
1196,Pater Lieven Blond,BeerBrand
1197,Pater Lieven Bruin,BeerBrand
1198,Pater Lieven Tripel,BeerBrand
1199,Pater Lieven Wit,BeerBrand
1200,Griboval,BeerBrand
1201,BiÃ¨re de la Bonde,BeerBrand
1202,Blauwersbier,BeerBrand
1203,Bleeken Moriaen,BeerBrand
1204,Bruynen Moriaen,BeerBrand
1205,Christmas Leroy,BeerBrand
1206,Coy'Heimsen,BeerBrand
1207,Harelbekenaar van de abdijhoeve,BeerBrand
1208,Hommelbier,BeerBrand
1209,Kapittel Abt,BeerBrand
1210,Kapittel Blond,BeerBrand
1211,Kapittel Dubbel,BeerBrand
1212,Kapittel Pater,BeerBrand
1213,Kapittel Prior,BeerBrand
1214,Kapittel Tripel Abt,BeerBrand
1215,Livinus Blonde,BeerBrand
1216,Livinus Brune,BeerBrand
1217,n Slypke,BeerBrand
1218,Polygonneke,BeerBrand
1219,Poperings Hommelbier,BeerBrand
1220,Vlasbier,BeerBrand
1221,Watou's Wit,BeerBrand
1222,Tremist,BeerBrand
1223,Bacchus,BeerBrand
1224,Bacchus Frambozenbier,BeerBrand
1225,Bacchus Kriekenbier,BeerBrand
1226,Brigand,BeerBrand
1227,Brigand IPA,BeerBrand
1228,CuvÃ©e du ChÃ¢teau,BeerBrand
1229,Kasteel Blond,BeerBrand
1230,Kasteel CuvÃ©e du Chateau,BeerBrand
1231,Kasteel Donker,BeerBrand
1232,Kasteel Rouge,BeerBrand
1233,Kasteel Tripel,BeerBrand
1234,Kasteelbier Blond,BeerBrand
1235,Kasteelbier Bruin,BeerBrand
1236,Kasteelbier Ooidonk,BeerBrand
1237,St. Louis Cassis,BeerBrand
1238,St. Louis Framboise,BeerBrand
1239,St. Louis Frambozen(bier),BeerBrand
1240,St. Louis Gueuze,BeerBrand
1241,St. Louis Gueuze Fond Tradition,BeerBrand
1242,St. Louis Kriek Lambic,BeerBrand
1243,St. Louis Peche,BeerBrand
1244,St. Louis Premium Cassis,BeerBrand
1245,St. Louis Premium Faro,BeerBrand
1246,St. Louis Premium Framboise,BeerBrand
1247,St. Louis Premium Kriek,BeerBrand
1248,St. Louis Premium PÃªche,BeerBrand
1249,Vieux Bruges Blanche,BeerBrand
1250,Vieux Bruges Framboise(s),BeerBrand
1251,Vieux Bruges Gueuze,BeerBrand
1252,Vieux Bruges Kriek,BeerBrand
1253,Vieux Bruges Kriek Lambic,BeerBrand
1254,Vieux Bruges Peche,BeerBrand
1255,Vieux Bruxelles Gueuze,BeerBrand
1256,Vieux Bruxelles Kriek,BeerBrand
1257,Vlaamsch Wit,BeerBrand
1258,Abdij van Roosenberg Dubbel,BeerBrand
1259,Abdij van Roosenberg Tripel,BeerBrand
1260,Atomium Premier Grand Cru,BeerBrand
1261,Augustijn Blond,BeerBrand
1262,Augustijn Donker,BeerBrand
1263,Augustijn Grand Cru,BeerBrand
1264,Bornem Dubbel,BeerBrand
1265,Bornem Tripel,BeerBrand
1266,Bruegel,BeerBrand
1267,Brussels Framboos,BeerBrand
1268,Brussels Kriek,BeerBrand
1269,Brussels Perzik,BeerBrand
1270,Celis White,BeerBrand
1271,Cesar,BeerBrand
1272,CuvÃ©e de Briqville,BeerBrand
1273,Gentse Tripel,BeerBrand
1274,Gulden Draak,BeerBrand
1275,Hoppe,BeerBrand
1276,Keizersberg,BeerBrand
1277,Klingse Kalsei,BeerBrand
1278,Klokke Roeland,BeerBrand
1279,La Waterlootoise,BeerBrand
1280,Leute Bokbier,BeerBrand
1281,Maerlant,BeerBrand
1282,Piraat,BeerBrand
1283,Sint-Adriaansbier Blond,BeerBrand
1284,Sint-Adriaansbier Bruin,BeerBrand
1285,Sparta Pils,BeerBrand
1286,Spitfire Oud Balegems,BeerBrand
1287,Stoeren Bonk,BeerBrand
1288,Stoeren Bonk Blond,BeerBrand
1289,Uilenspiegelbier,BeerBrand
1290,Queueu de Charrue Triple,BeerBrand
1291,Beernems Berenbier,BeerBrand
1292,Druivenbier,BeerBrand
1293,Lam Gods,BeerBrand
1294,Uitzet 1730,BeerBrand
1295,Uitzet Kriekbier,BeerBrand
1296,Vlaamsche Leeuw Blondje,BeerBrand
1297,Vlaamsche Leeuw Donker,BeerBrand
1298,Vlaamsche Leeuw Tripel,BeerBrand
1299,Bierbeekse,BeerBrand
1300,Blondine,BeerBrand
1301,Brunette,BeerBrand
1302,Bellebier Amber,BeerBrand
1303,Bellebier Dubbel,BeerBrand
1304,Bellebier Trippel,BeerBrand
1305,Barbe d'Or (Goudbaard),BeerBrand
1306,Barbe Noire (Zwartbaard),BeerBrand
1307,Barbe Rouge (Roodbaard),BeerBrand
1308,Cambrinus,BeerBrand
1309,Christmas Verhaeghe,BeerBrand
1310,Echt Kriekenbier,BeerBrand
1311,Echte Kriek,BeerBrand
1312,Poperings Nunnebier,BeerBrand
1313,Verhaeghe Pils,BeerBrand
1314,Vichtenaar,BeerBrand
1315,Duchesse de Bourgogne,BeerBrand
1316,Ploegsteert,BeerBrand
1317,Queueu de Charrue Brune,BeerBrand
1318,Felix Kriek Oud Bruin,BeerBrand
1319,Felix Kriekbier,BeerBrand
1320,Felix Oud Bruin,BeerBrand
1321,Felix Speciaal Oudenaards,BeerBrand
1322,De Nacht,BeerBrand
1323,Fasso Blond,BeerBrand
1324,Himelein,BeerBrand
1325,Pick-Up,BeerBrand
1326,Toverhekske,BeerBrand
1327,Westmalle Dubbel,BeerBrand
1328,Westmalle Tripel,BeerBrand
1329,Wieze Christmas Tripel Hop,BeerBrand
1330,Wieze Tripel Blond,BeerBrand
1331,Wieze Tripel zoet Bruin,BeerBrand
1332,Wilderen Goud,BeerBrand
1333,Wilderen Kriek,BeerBrand
1334,Louwaege's Kriek,BeerBrand
1335,Mort Subite Cassis,BeerBrand
1336,Rebel Local,BeerBrand
1337,Living trippel,BeerBrand
1338,Arabier,BeerBrand
1339,Boskeun,BeerBrand
1340,Dulle Teve,BeerBrand
1341,Oeral,BeerBrand
1342,Oerbier,BeerBrand
1343,Oerbier special Reserva,BeerBrand
1344,Special Extra Export Stout,BeerBrand
1345,Stille Nacht,BeerBrand
1346,De Kavijaks,BeerBrand
1347,Carioca,BeerBrand
1348,MÃ©tisse Saison,BeerBrand
1349,Bloemenbier,BeerBrand
1350,Brugse Babbelaar,BeerBrand
1351,Capoen,BeerBrand
1352,de Chokier,BeerBrand
1353,Dubbel Buitenlust,BeerBrand
1354,Gageleer,BeerBrand
1355,Gertrude Triple,BeerBrand
1356,Reinaert Blond,BeerBrand
1357,Reinaert Grand Cru,BeerBrand
1358,Reinaert Tripel,BeerBrand
1359,Unkerzak,BeerBrand
1360,Kempisch Vuur 3-Dubbel,BeerBrand
1361,Kempisch Vuur Tripel,BeerBrand
1362,Tumulus 800,BeerBrand
1363,Tumulus Magna,BeerBrand
1364,Kastel,BeerBrand
1365,Kastels pompoenbier,BeerBrand
1366,Basilius,BeerBrand
1367,Kapel van Viven Blond,BeerBrand
1368,Kapel van Viven Bruin,BeerBrand
1369,Klooster van Viven,BeerBrand
1370,Viven Ale,BeerBrand
1371,Viven Blond,BeerBrand
1372,Viven Bruin,BeerBrand
1373,Viven Imperial IPA,BeerBrand
1374,Viven Porter,BeerBrand
1375,Bas,BeerBrand
1376,Limerick,BeerBrand
1377,Kamil,BeerBrand
1378,OrvÃ©lo,BeerBrand
1379,Lambinus,BeerBrand
1380,Lesage Blond,BeerBrand
1381,Lesage Dubbel,BeerBrand
1382,Ronsischen Dubbel,BeerBrand
1383,Ronsischen Tripel,BeerBrand
1384,Trappieter,BeerBrand
1385,Koantjesbier,BeerBrand
1386,Flodder,BeerBrand
1387,Cluysenaer,BeerBrand
1388,DruÃ¯de Blond,BeerBrand
1389,DruÃ¯de Bruin,BeerBrand
1390,DruÃ¯de Grand Q,BeerBrand
1391,Jessenhofke Bruin,BeerBrand
1392,Jessenhofke Maya,BeerBrand
1393,Jessenhofke Tripel,BeerBrand
1394,Kerstvuur,BeerBrand
1395,Gouden Pier Kloeffe,BeerBrand
1396,Slaapmutske Bio Tripel,BeerBrand
1397,Slaapmutske Blond,BeerBrand
1398,Slaapmutske Bruin,BeerBrand
1399,Slaapmutske Christmas,BeerBrand
1400,Slaapmutske Dry Hopped Lager,BeerBrand
1401,Slaapmutske Hop Collection ft. Kent Goldings,BeerBrand
1402,Slaapmutske Tripel,BeerBrand
1403,Troubadour Blond,BeerBrand
1404,Troubadour Imperial Stout,BeerBrand
1405,Troubadour Magma,BeerBrand
1406,Troubadour Obscura,BeerBrand
1407,Troubadour SpÃ©ciale,BeerBrand
1408,Totentrekker,BeerBrand
1409,Captain Cooker Manuka Beer,BeerBrand
1410,Captain Cooker White Manuka Beer,BeerBrand
1411,Lozen Boer,BeerBrand
1412,Zwalmse Tripel,BeerBrand
1413,Trisser,BeerBrand
1414,Boerinneken,BeerBrand
1415,Boerken,BeerBrand
1416,Zwet.be,BeerBrand
1417,Zeunt,BeerBrand
1418,Celtic Angel,BeerBrand
1419,Serafijn Blond,BeerBrand
1420,Serafijn Donker,BeerBrand
1421,Serafijn Grand Cru,BeerBrand
1422,Serafijn Kerstlicht,BeerBrand
1423,Serafijn Tripel,BeerBrand
1424,Zonnegemse Zot,BeerBrand
1425,Stepa,BeerBrand
1426,Caulier Blonde,BeerBrand
1427,Caulier Brune,BeerBrand
1428,Caulier Special Extra,BeerBrand
1429,PrÃ©aris Blond,BeerBrand
1430,PrÃ©aris Quadrupel,BeerBrand
1431,Zonderik 100,BeerBrand
1432,Zonderik Dubbel Donker,BeerBrand
1433,Zonderik Tripel,BeerBrand
1434,Zonderix,BeerBrand
1435,Dulle Griet,BeerBrand
1436,Lamme Goedzak,BeerBrand
1437,Merck toch hoe sterck,BeerBrand
1438,Mug,BeerBrand
1439,Oesterstout,BeerBrand
1440,Schoenlappertje,BeerBrand
1441,Strandgaper,BeerBrand
1442,t Schoenlappertje,BeerBrand
1443,Wildebok,BeerBrand
1444,Zeezuiper,BeerBrand
1445,Kleveretien,BeerBrand
1446,Schuppenboer,BeerBrand
1447,Pater,BeerBrand
1448,Paus,BeerBrand
1449,Aardmonnik,BeerBrand
1450,Hopverdomme,BeerBrand
1451,Kloeke Blonde,BeerBrand
1452,Motuecha,BeerBrand
1453,Outblack,BeerBrand
1454,Tsjeeses,BeerBrand
1455,Tsjeeses Reserva,BeerBrand
1456,Westhoek,BeerBrand
1457,Westhoek XX,BeerBrand
1458,Xenophonâ€™s Wine,BeerBrand
1459,Black Albert,BeerBrand
1460,Black Damnation I,BeerBrand
1461,Black Damnation II (Mocha Bomb),BeerBrand
1462,Black Damnation III (Black Mes),BeerBrand
1463,Black Damnation IV (CoffÃ©e Club),BeerBrand
1464,Black Damnation V (Double Black),BeerBrand
1465,Black Jack,BeerBrand
1466,CuvÃ©e Delphine,BeerBrand
1467,Elliot Brew,BeerBrand
1468,Ignis & Flamma,BeerBrand
1469,Jaded Stillwater Artisanal,BeerBrand
1470,Pannepeut,BeerBrand
1471,Pannepot,BeerBrand
1472,Pannepot Grand Reserva Vintage,BeerBrand
1473,Pannepot Reserva,BeerBrand
1474,Roste Jeanne,BeerBrand
1475,Shark Pants,BeerBrand
1476,Sint-Amatus,BeerBrand
1477,Struise Rosse,BeerBrand
1478,Struise Witte,BeerBrand
1479,Struiselensis,BeerBrand
1480,Svea IPA,BeerBrand
1481,Bierbuik,BeerBrand
1482,Armandâ€™4 Herfst,BeerBrand
1483,Armandâ€™4 Lente,BeerBrand
1484,Armandâ€™4 Winter,BeerBrand
1485,Armandâ€™4 Zomer,BeerBrand
1486,Beersel Bio,BeerBrand
1487,Beersel Blond,BeerBrand
1488,Beersel Lager,BeerBrand
1489,Oude Geuze 3 Fonteinen,BeerBrand
1490,Oude Geuze Vintage 3 Fonteinen,BeerBrand
1491,Oude Kriek 3 Fonteinen,BeerBrand
1492,Schaarbeekse Oude Kriek 3 Fonteinen,BeerBrand
1493,Straffe Winter,BeerBrand
1494,Oude Geuze De Cam,BeerBrand
1495,Oude Kriek De Cam,BeerBrand
1496,Oude Lambiek De Cam,BeerBrand
1497,Blanche de Brabant,BeerBrand
1498,Blonde de Brabant,BeerBrand
1499,Diabolici,BeerBrand
1500,Double de Brabant,BeerBrand
1501,Pils de Brabant,BeerBrand
1502,Rousse de Brabant,BeerBrand
1503,SpÃ©ciale de Brabant,BeerBrand
1504,Triple de Brabant,BeerBrand
1505,Dominus Dubbel,BeerBrand
1506,Dominus Tripel,BeerBrand
1507,"Gordon 0,00",BeerBrand
1508,Gordon Finest Chrome,BeerBrand
1509,Gordon Finest Copper,BeerBrand
1510,Gordon Finest Gold,BeerBrand
1511,Gordon Finest Platinum,BeerBrand
1512,Gordon Finest Red,BeerBrand
1513,Gordon Finest Scotch,BeerBrand
1514,Gordon Finest Silver,BeerBrand
1515,Gordon Finest Zero,BeerBrand
1516,Gordon Five,BeerBrand
1517,Martinâ€™s Blond,BeerBrand
1518,Martinâ€™s Pale Ale,BeerBrand
1519,Revolucion Mexicanaâ€™10,BeerBrand
1520,Oude Gueuze Tilquin Ã  l'ancienne,BeerBrand
1521,Oude Quetsche Tilquin Ã  l'ancienne,BeerBrand
1522,Charles Quint,BeerBrand
1523,Oudbeitje,BeerBrand
1524,Oude Gueuze Hanssens,BeerBrand
1525,Oude Kriek Hanssens,BeerBrand
1526,Antwerps Blond,BeerBrand
1527,Antwerps Bruin,BeerBrand
1528,Bierpruver Dubbel Bruin,BeerBrand
1529,Bierpruver Tripel,BeerBrand
1530,Bierpruver Winter,BeerBrand
1531,Bremserbier,BeerBrand
1532,Belle Cies,BeerBrand
1533,Willy Kriegelbier,BeerBrand
1534,Sint Canarus Tripel,BeerBrand
1535,Slaefke,BeerBrand
1536,Deinze Export,BeerBrand
1537,De Maeght van Gottem,BeerBrand
1538,Dogabier,BeerBrand
1539,Potteloereke,BeerBrand
1540,Ginder Ale,BeerBrand
1541,Jupiler New Tauro,BeerBrand
1542,Jupiler Tauro,BeerBrand
1543,Safir,BeerBrand
1544,Scotch C.T.S.,BeerBrand
1545,Sernia Brune,BeerBrand
1546,Stella Artois,BeerBrand
1547,Horse Ale,BeerBrand
1548,Ter Dolen Blond,BeerBrand
1549,La Namuroise,BeerBrand
1550,Heksemiebier,BeerBrand
1551,Liter van Pallieter,BeerBrand
1552,Paternoster Dubbel,BeerBrand
1553,Triest Blond,BeerBrand
1554,Triest Dubbel,BeerBrand
1555,Triest Kriek,BeerBrand
1556,Triest Tripel,BeerBrand
1557,Triest X-mas,BeerBrand
1558,Hop Ruiter,BeerBrand
1559,Molse Tripel,BeerBrand
1560,n Toeback,BeerBrand
1561,Straffe Toeback,BeerBrand
1562,Witheer,BeerBrand
1563,Hertenheer,BeerBrand
1564,Turnhoutse Patriot,BeerBrand
1565,Douglas Celtic Brown,BeerBrand
1566,Douglas Celtic Lager,BeerBrand
1567,Douglas Celtic Red,BeerBrand
1568,Douglas Celtic Super,BeerBrand
1569,Douglas Celtic XXX Strong,BeerBrand
1570,Westvleteren Acht,BeerBrand
1571,Westvleteren Blond,BeerBrand
1572,Westvleteren Twaalf,BeerBrand
1573,Westvleteren Zes,BeerBrand
1574,De Garre Tripel,BeerBrand
1575,Blondelle,BeerBrand
1576,Bosprotter,BeerBrand
1577,Ceci n'est pas une saison,BeerBrand
1578,Ceci n'est pas une stout,BeerBrand
1579,Ceci n'est pas une triple,BeerBrand
1580,Hof Korvatunturi,BeerBrand
1581,Hofblues,BeerBrand
1582,Hofdraak,BeerBrand
1583,Hofelf,BeerBrand
1584,Hofnar,BeerBrand
1585,Hofpint,BeerBrand
1586,Hoftrol,BeerBrand
1587,Korsakoff,BeerBrand
1588,Ne Snoeper,BeerBrand
1589,t Baronneke,BeerBrand
1590,Liene,BeerBrand
1591,Quadrigenti,BeerBrand
1592,Irma,BeerBrand
1593,Paasei,BeerBrand
1594,Nen Kerstbal,BeerBrand
100000,7.00,AlcoholPercentage
100001,6.40,AlcoholPercentage
100002,10.70,AlcoholPercentage
100003,8.00,AlcoholPercentage
100004,5.20,AlcoholPercentage
100005,9.00,AlcoholPercentage
100006,6.60,AlcoholPercentage
100007,6.50,AlcoholPercentage
100008,8.20,AlcoholPercentage
100009,7.50,AlcoholPercentage
100010,8.40,AlcoholPercentage
100011,8.20,AlcoholPercentage
100012,6.20,AlcoholPercentage
100013,11.30,AlcoholPercentage
100014,9.20,AlcoholPercentage
100015,4.80,AlcoholPercentage
100016,5.00,AlcoholPercentage
100017,9.50,AlcoholPercentage
100018,8.50,AlcoholPercentage
100019,6.80,AlcoholPercentage
100020,4.00,AlcoholPercentage
100021,4.50,AlcoholPercentage
100022,4.30,AlcoholPercentage
100023,4.20,AlcoholPercentage
100024,6.70,AlcoholPercentage
100025,10.00,AlcoholPercentage
100026,5.80,AlcoholPercentage
100027,1.50,AlcoholPercentage
100028,4.70,AlcoholPercentage
100029,6.00,AlcoholPercentage
100030,7.30,AlcoholPercentage
100031,5.50,AlcoholPercentage
100032,5.90,AlcoholPercentage
100033,4.50,AlcoholPercentage
100034,4.90,AlcoholPercentage
100035,3.50,AlcoholPercentage
100036,7.80,AlcoholPercentage
100037,6.30,AlcoholPercentage
100038,7.60,AlcoholPercentage
100039,10.50,AlcoholPercentage
100040,5.40,AlcoholPercentage
100041,3.00,AlcoholPercentage
100042,3.10,AlcoholPercentage
100043,8.10,AlcoholPercentage
100044,3.20,AlcoholPercentage
100045,8.70,AlcoholPercentage
100046,,AlcoholPercentage
100047,5.60,AlcoholPercentage
100048,5.30,AlcoholPercentage
100049,6.90,AlcoholPercentage
100050,2.50,AlcoholPercentage
100051,8.30,AlcoholPercentage
100052,12.00,AlcoholPercentage
100053,9.80,AlcoholPercentage
100054,8.90,AlcoholPercentage
100055,15.00,AlcoholPercentage
100056,3.80,AlcoholPercentage
100057,11.00,AlcoholPercentage
100058,10.20,AlcoholPercentage
100059,7.10,AlcoholPercentage
100060,4.40,AlcoholPercentage
100061,0.50,AlcoholPercentage
100062,7.20,AlcoholPercentage
100063,2.90,AlcoholPercentage
100064,5.70,AlcoholPercentage
100065,5.10,AlcoholPercentage
100066,1.00,AlcoholPercentage
100067,11.50,AlcoholPercentage
100068,6.10,AlcoholPercentage
100069,0.00,AlcoholPercentage
100070,8.80,AlcoholPercentage
100071,4.75,AlcoholPercentage
100072,13.00,AlcoholPercentage
100073,3.60,AlcoholPercentage
100074,1.20,AlcoholPercentage
100075,3.70,AlcoholPercentage
100076,0.40,AlcoholPercentage
100077,1.80,AlcoholPercentage
100078,3.25,AlcoholPercentage
100079,2.25,AlcoholPercentage
100080,9.40,AlcoholPercentage
100081,7.70,AlcoholPercentage
100082,1.40,AlcoholPercentage
100083,7.40,AlcoholPercentage
100084,4.60,AlcoholPercentage
100085,0.25,AlcoholPercentage
100086,3.30,AlcoholPercentage
100087,2.00,AlcoholPercentage
100088,1.30,AlcoholPercentage
100089,0.30,AlcoholPercentage
100090,7.90,AlcoholPercentage
100091,2.10,AlcoholPercentage
100092,5.00,AlcoholPercentage
100093,2.80,AlcoholPercentage
100094,2.60,AlcoholPercentage
100095,11.50,AlcoholPercentage
100096,26.00,AlcoholPercentage
100097,8.60,AlcoholPercentage
10000,geuze,BeerType
10001,tarwebier,BeerType
10002,winterbier,BeerType
10003,tripel,BeerType
10004,porter,BeerType
10005,speciale belge,BeerType
10006,hoge gisting,BeerType
10007,"blond, abdijbier",BeerType
10008,"bruin, abdijbier",BeerType
10009,"kerstbier, abdijbier",BeerType
10010,abdijbier,BeerType
10011,"fruitbier, abdijbier",BeerType
10012,"tripel, abdijbier",BeerType
10013,Amber,BeerType
10014,trappist,BeerType
10015,blond tafelbier,BeerType
10016,"trappist, blond",BeerType
10017,"trappist, bruin",BeerType
10018,etiketbier,BeerType
10019,donkerbruin,BeerType
10020,roodbruin,BeerType
10021,donker,BeerType
10022,"blonde tripel, abdijbier",BeerType
10023,witbier,BeerType
10024,ale,BeerType
10025,"abdijbier, blond",BeerType
10026,"abdijbier, bruin",BeerType
10027,"abdijbier, kerstbier",BeerType
10028,"abdijbier, dubbel gehopt",BeerType
10029,"abdijbier, tripel",BeerType
10030,pils,BeerType
10031,faro,BeerType
10032,fruitbier,BeerType
10033,oude geuze,BeerType
10034,oude kriek,BeerType
10035,fruibier,BeerType
10036,lambiek,BeerType
10037,scotch,BeerType
10038,abdijbier hoge gisting,BeerType
10039,"hoge gisting, blond",BeerType
10040,"donker, dubbel",BeerType
10041,"hoge gisting, bruin",BeerType
10042,"lage gisting, pils",BeerType
10043,"hoge gisting, okerblond",BeerType
10044,tafelbier,BeerType
10045,blond,BeerType
10046,"hoge gisting, licht bruin",BeerType
10047,bruin,BeerType
10048,amber,BeerType
10049,kerstbier,BeerType
10050,,BeerType
10051,saison,BeerType
10052,Belgian ale,BeerType
10053,"hoge gisting, winterbier",BeerType
10054,"hoge gisting, Belgian strong pale ale",BeerType
10055,"hoge gisting, tripel",BeerType
10056,stout,BeerType
10057,"fruitbier, lambiek",BeerType
10058,"hoge gisting, amber",BeerType
10059,blond speciaalbier,BeerType
10060,donker seizoensbier,BeerType
10061,"hoge gisting, triple",BeerType
10062,speciaalbier,BeerType
10063,fruit- en bloemenbier,BeerType
10064,"donker, hoge gisting",BeerType
10065,hoge gisting (etiketbier),BeerType
10066,"ale, amber, hoge gisting",BeerType
10067,lichtblond,BeerType
10068,"blond, hoge gisting",BeerType
10069,Belgian IPA,BeerType
10070,donkere ale,BeerType
10071,"saison, amber",BeerType
10072,"saison, bruin, hoge gisting",BeerType
10073,"blond, spelt",BeerType
10074,"amber, hoge gisting",BeerType
10075,"bruin, hoge gisting",BeerType
10076,biologisch,BeerType
10077,"biologisch, witbier",BeerType
10078,"hoge gisting, goudkleur",BeerType
10079,"abdijbier, amber",BeerType
10080,"tripel, blond",BeerType
10081,"stout, kerstbier",BeerType
10082,"hoge gisting, special belge",BeerType
10083,"hoge gisting, tarwebier",BeerType
10084,"abdijbier, hoge gisting",BeerType
10085,abdijbier bruin,BeerType
10086,abdijbier ale,BeerType
10087,"ale, blond",BeerType
10088,mengbier met lambiek,BeerType
10089,"hoge gisting, blond, spelt",BeerType
10090,blond troebel,BeerType
10091,"hoge gisting, speciale belge",BeerType
10092,"tripel, kerstbier",BeerType
10093,"blond, hoge gisting, boekweit",BeerType
10094,"bruin, hoge gisting, boekweit",BeerType
10095,"hoge gisting, tripel, kerstbier",BeerType
10096,"hoge gisting, fruitig witbier",BeerType
10097,"hoge gisting, scotch",BeerType
10098,"pils, biologisch",BeerType
10099,"hoge gisting, witbier",BeerType
10100,"hoge gisting, kriek",BeerType
10101,triple,BeerType
10102,"hoge gisting, witbier, fruitbier",BeerType
10103,tripel (etiketbier),BeerType
10104,"hoge gisting, fruitbier",BeerType
10105,"hoge gisting, honingbier",BeerType
10106,"abdijbier, scotch",BeerType
10107,"blond, biologisch",BeerType
10108,"hoge gisting, biologisch",BeerType
10109,honingbier,BeerType
10110,SpÃ©ciale Belge,BeerType
10111,"hoge gisting, kerstbier",BeerType
10112,Belgian dark ale,BeerType
10113,"hoge gisting, ale",BeerType
10114,"hoge gisting, Rauchbier",BeerType
10115,"hoge gisting, kruidenbier",BeerType
10116,"hoge gisting, speltbier",BeerType
10117,Erkend Belgisch Abdijbier,BeerType
10118,"tripel, honingbier",BeerType
10119,dubbel,BeerType
10120,donker kerstbier,BeerType
10121,"biologisch, Saison",BeerType
10122,dubbele IPA,BeerType
10123,"hoge gisting, paasbier",BeerType
10124,sterk blond,BeerType
10125,lichtamber,BeerType
10126,"fruitbier, oak aged",BeerType
10127,oak aged,BeerType
10128,"quadrupel, oak aged",BeerType
10129,Brown ale,BeerType
10130,donkerrood,BeerType
10131,imperial stout,BeerType
10132,Vlaams oud bruin,BeerType
10133,donkerblond,BeerType
10134,IPA,BeerType
10135,troebel blond,BeerType
10136,"troebel blond, kerstbier",BeerType
10137,bokbier,BeerType
10138,alcoholarm,BeerType
10139,aged pale,BeerType
10140,oud bruin,BeerType
10141,"witbier, fruitbier",BeerType
10142,"tripel, amber",BeerType
10143,goudblond,BeerType
10144,kriek,BeerType
10145,Kriek,BeerType
10146,Alcoholarm,BeerType
10147,blond (etiketbier),BeerType
10148,"pils, Export",BeerType
10149,"lambiek, fruitbier",BeerType
10150,West-Vlaams roodbruin,BeerType
10151,"licht rood, fruitbier",BeerType
10152,bruin kerstbier,BeerType
10153,gemengde gisting,BeerType
10154,"speciaalbier, blond",BeerType
10155,spontane gisting,BeerType
10156,"spontane gisting, 100 lambiek",BeerType
10157,"spontane gisting, amber",BeerType
10158,"hoge gisting, frambozenbier",BeerType
10159,"hoge gisting, bosbessenbier",BeerType
10160,"hoge gisting, blond kerstbier",BeerType
10161,"hoge gisting, lentebier",BeerType
10162,"hoge gisting, IPA",BeerType
10163,donker amber,BeerType
10164,India Pale Ale,BeerType
10165,"donker, kerstbier",BeerType
10166,Vlaams bruin,BeerType
10167,"hoge gisting, rookbier, amber",BeerType
10168,"hoge gisting, sterk donker",BeerType
10169,"hoge gisting, oak aged",BeerType
10170,Scotch,BeerType
10171,"dubbel, Special Belge",BeerType
10172,"blond, licht troebel",BeerType
10173,suikervrij,BeerType
10174,koperkleurig,BeerType
10175,donker blond,BeerType
10176,"tripel, tabaksbier",BeerType
10177,streekbier,BeerType
10178,koperkleurig India Pale Ale,BeerType
10179,blond tarwebier,BeerType
10180,lichtdonker,BeerType
10181,"hoge gisting, speciaalbier",BeerType
10182,alcoholvrij witbier,BeerType
10183,alcoholvrij fruitbier,BeerType
10184,"hoge gisting, goudblond",BeerType
10185,robijnrood,BeerType
10186,blonde India Pale Ale,BeerType
10187,"amberkleurig speciaalbier, hoge gisting",BeerType
10188,"hoge gisting, donkerbruin",BeerType
10189,hoogblond,BeerType
10190,"blond, tripel",BeerType
10191,donkerblond abdijbier,BeerType
10192,sterk donker,BeerType
10193,"goud, hoge gisting",BeerType
10194,mosterdbier,BeerType
10195,donkeramber,BeerType
10196,"fruitbier, wit",BeerType
10197,"fruitbier, robijnrood",BeerType
10198,"fruitbier, roodbruin",BeerType
10199,fruitbier op basis van lambiek,BeerType
10200,aangezoete geuze,BeerType
10201,"geuze, kerstbier",BeerType
10202,blond aperitiefbier,BeerType
10203,mengbier,BeerType
10204,ale donker,BeerType
10205,"biologisch, tripel",BeerType
10206,"blond, speciaalbier",BeerType
10207,"amber, tripel",BeerType
10208,tripel-gueuze,BeerType
10209,"hoge gisting, amberblond",BeerType
10210,"hoge gisting, bruinrood",BeerType
10211,blonde tripel,BeerType
10212,"roodbruin, dubbel",BeerType
10213,"kerstbier, tripel",BeerType
10214,"biologisch, honingbier",BeerType
10215,"witbier, biologisch",BeerType
10216,"saison, biologisch",BeerType
10217,spÃ©ciale belge,BeerType
10218,goud,BeerType
10219,Vlaams roodbruin,BeerType
10220,"blond, lage gisting",BeerType
10221,lager,BeerType
10222,"lage gisting, blond",BeerType
10223,pilsener,BeerType
10224,"bruin, tafelbier",BeerType
10225,"strogeel, hoge gisting",BeerType
10226,"hoge gisting, abdijbier",BeerType
10227,Waestvlaams roodbruin,BeerType
10228,"bruin speciaalbier, bokbier",BeerType
10229,robijnrood speciaalbier,BeerType
10230,donker speciaalbier,BeerType
10231,quadrupel,BeerType
10232,export pils,BeerType
10233,Dortmunder,BeerType
10234,zoete stout,BeerType
10235,blondbruin,BeerType
10236,Speciale Belge,BeerType
10237,glutenvrij pilsener,BeerType
10238,"Erkend Belgisch Abdijbier, tripel",BeerType
10239,"blond, hoge gisting, tripel",BeerType
10240,"tripel, biologisch",BeerType
10241,"biologisch, roodbruin",BeerType
10242,Belgische pale ale,BeerType
10243,brutbier,BeerType
10244,"hoge gisting, biologisch, honingbier",BeerType
10245,"hoge gisting, biologisch, tripel",BeerType
10246,"blond, honingbier",BeerType
10247,"bokbier, honingbier",BeerType
10248,"witbier, abdijbier",BeerType
10249,"amber, saison",BeerType
10250,Fruitbier,BeerType
10251,"winterbier, Belgian Imperial Stout",BeerType
10252,donkere tripel,BeerType
10253,"speciaalbier, hoge gisting",BeerType
10254,"abdijbier, tripel, bruin",BeerType
10255,fruitbier (kriekensap),BeerType
10256,NA pils,BeerType
10257,lage gisting,BeerType
10258,fruitbier-pils,BeerType
10259,"fruitbier, lage gisting",BeerType
10260,export,BeerType
10261,rosÃ©bier,BeerType
10262,"hoge gisting, donker",BeerType
10263,"hoge gisting, Belgian strong ale",BeerType
10264,"Erkend Belgisch Abdijbier, kerstbier",BeerType
10265,"streekbier, amber",BeerType
10266,"streekbier, bruin",BeerType
10267,"roodbruin, hoge gisting",BeerType
10268,"robijnrood, hoge gisting",BeerType
10269,"bruin, biologisch",BeerType
10270,"fruitbier, witbier",BeerType
10271,"amber, hoge gisting, boekweit, biologisch",BeerType
10272,"bruin, hoge gisting, boekweit, biologisch",BeerType
10273,"fruitbier, hoge gisting, biologisch",BeerType
10274,"blond, hoge gisting, spelt",BeerType
10275,"amber, kerstbier",BeerType
10276,kriekenlambiek,BeerType
10277,Erkend Belgisch abdijbier,BeerType
10278,"Erkend Belgisch abdijbier, tripel",BeerType
10279,"roodbruin, etiketbier",BeerType
10280,"goudkleurig, hoge gisting",BeerType
10281,frambozenbier,BeerType
10282,"etiketbier, witbier",BeerType
10283,Tripel,BeerType
10284,"hoge gisting, streekbier",BeerType
10285,bruin dubbel,BeerType
10286,"blond-amber, hoge gisting",BeerType
10287,Belgische ale,BeerType
10288,roodbruine ale,BeerType
10289,tripel kerstbier,BeerType
10290,India pale ale,BeerType
10291,Belgian Strong Ale,BeerType
10292,biologisch bier,BeerType
10293,"tarwebier, seizoensgebonden, met pompoen",BeerType
10294,Imperial IPA,BeerType
10295,smoked Porter,BeerType
10296,"biologisch, tripel , goudblond",BeerType
10297,"lage gisting, Dortmunder",BeerType
10298,"hoge gisting, single hop",BeerType
10299,tripel India Pale Ale,BeerType
10300,"hoge gisting, quadrupel",BeerType
10301,"tripel, suikervrij",BeerType
10302,"hoge gisting, amberbruin",BeerType
10303,gerstewijn,BeerType
10304,zwarte-bessenbier,BeerType
10305,"hoge gisting, bockbier",BeerType
10306,goudblonde tripel,BeerType
10307,"hoge gisting, Belgische blonde ale",BeerType
10308,"hoge gisting, goud",BeerType
10309,Belgian Royal Stout,BeerType
10310,Russian Imperial Stout,BeerType
10311,"Russian Imperial Stout, Eisbockmethode",BeerType
10312,Porter,BeerType
10313,Belgo/american ale,BeerType
10314,Double IPA,BeerType
10315,"hoge gisting, Belgische pale ale",BeerType
10316,lambiek/kriek,BeerType
10317,"dubbel, donker",BeerType
10318,koper-amber,BeerType
10319,alcoholvrij,BeerType
10320,"hoge gisting, rood",BeerType
10321,aardbeienlambiek,BeerType
10322,"scotch, etiketbier",BeerType
10323,"pils, lage gisting",BeerType
10324,donkere scotch,BeerType
10325,blonde lager,BeerType
10326,"amberrood, hoge gisting",BeerType
10327,tarwetripel,BeerType
10328,"hoge gisting, pils",BeerType
10329,ongefilterd blond bier,BeerType
50000,"3 Fonteinen, Brouwerij Boon, Timmermans, Oud Beersel, Lindemans, De Troch, De Cam, Hanssens",Brewery
50001,â€˜t Hofbrouwerijke voor De Verhuisbrouwerij,Brewery
50002,â€™t Hofbrouwerijke voor Montaigu,Brewery
50003,AB Inbev,Brewery
50004,AB-InBev,Brewery
50005,Abdij Notre-Dame d'Orval,Brewery
50006,Abdij Notre-Dame de Saint-RÃ©my,Brewery
50007,Abdij Notre-Dame de Scourmont,Brewery
50008,Achelse Kluis,Brewery
50009,Affligem Brouwerij,Brewery
50010,Affligem Brouwerij (Brouwerij De Smedt),Brewery
50011,Affligem Brouwerij (Heineken),Brewery
50012,Affligem Brouwerij (vroeger Brouwerij De Smedt nu deel van Heineken),Brewery
50013,Alken-Maes,Brewery
50014,Alken-Maes (Heineken - Carlsberg),Brewery
50015,Alken-Maes (Heineken),Brewery
50016,Alken-Maes (Heineken) (vroeger in Brouwerij De Gouden Boom),Brewery
50017,Antwerpse Brouw Compagnie,Brewery
50018,Authentique Brasserie,Brewery
50019,Brasserie Ã  Vapeur,Brewery
50020,Brasserie Artisanale de Rulles,Brewery
50021,Brasserie Brootcoorens,Brewery
50022,Brasserie Cantillon,Brewery
50023,Brasserie Caracole,Brewery
50024,Brasserie Caulier,Brewery
50025,Brasserie d'Achouffe (Duvel-Moortgat),Brewery
50026,Brasserie d'Ebly,Brewery
50027,Brasserie d'Ecaussinnes,Brewery
50028,Brasserie de Bastogne,Brewery
50029,Brasserie de Bellevaux,Brewery
50030,Brasserie de Blaugies,Brewery
50031,Brasserie de Bouillon,Brewery
50032,Brasserie de Brunehaut,Brewery
50033,Brasserie de Cazeau,Brewery
50034,Brasserie de Jandrain-Jandrenouille,Brewery
50035,Brasserie de l'Abbaye des Rocs,Brewery
50036,Brasserie de l'Abbaye du Val-Dieu voor Radermacher Distillerie,Brewery
50037,Brasserie de la Senne,Brewery
50038,Brasserie de Malonne,Brewery
50039,Brasserie de Silenrieux,Brewery
50040,Brasserie de Silly,Brewery
50041,Brasserie de Tubize,Brewery
50042,Brasserie des Fagnes,Brewery
50043,Brasserie des GÃ©ants,Brewery
50044,Brasserie des LÃ©gendes,Brewery
50045,Brasserie du Bocq,Brewery
50046,Brasserie Du Bocq,Brewery
50047,Brasserie du Bocq in opdracht van Brouwerij Vanuxeem,Brewery
50048,Brasserie du Bocq voor Brouwerij Corsendonk,Brewery
50049,Brasserie du Bocq voor Brouwerij Sterkens,Brewery
50050,Brasserie du Bocq voor Corsendonk nv,Brewery
50051,Brasserie du Flo,Brewery
50052,Brasserie Dupont,Brewery
50053,Brasserie Ellezelloise,Brewery
50054,Brasserie FantÃ´me,Brewery
50055,Brasserie Gigi,Brewery
50056,Brasserie Grain d'Orge,Brewery
50057,Brasserie Grain dâ€™Orge,Brewery
50058,Brasserie Grain-d'Orge,Brewery
50059,Brasserie Jean Tout Seul,Brewery
50060,Brasserie la Barbiot,Brewery
50061,Brasserie La Binchoise,Brewery
50062,Brasserie la Botteresse de Sur-les-bois,Brewery
50063,Brasserie La Botteresse de Sur-les-Bois,Brewery
50064,Brasserie La Ferme au ChÃªne,Brewery
50065,Brasserie La Frasnoise,Brewery
50066,Brasserie Lefebvre,Brewery
50067,Brasserie les 3 Fourquets,Brewery
50068,Brasserie Millevertus,Brewery
50069,Brasserie Oxymore,Brewery
50070,Brasserie Saint Feuillien,Brewery
50071,Brasserie Saint-Feuillien,Brewery
50072,Brasserie Saint-Monon,Brewery
50073,Brasserie Saint-Monon voor ConfrÃ©rie du Busson,Brewery
50074,Brasserie Sainte-HÃ©lÃ¨ne,Brewery
50075,Brasserie Val de Sambre,Brewery
50076,Brouwerii Dupont,Brewery
50077,Brouwerij 't Gaverhopke,Brewery
50078,Brouwerij 't Pakhuis,Brewery
50079,Brouwerij Alvinne,Brewery
50080,Brouwerij Anders! voor GIBRIT,Brewery
50081,Brouwerij Angerik,Brewery
50082,Brouwerij Augrenoise,Brewery
50083,Brouwerij Bavik,Brewery
50084,Brouwerij Bavik voor â€œMout- en Brouwhuis De Snoekâ€ ,Brewery
50085,Brouwerij Belgoobeer bij Brouwerij La Binchoise,Brewery
50086,Brouwerij Belle-Vue (Inbev),Brewery
50087,Brouwerij Belle-Vue (InBev),Brewery
50088,Brouwerij Bios,Brewery
50089,Brouwerij Bockor,Brewery
50090,Brouwerij Boelens,Brewery
50091,Brouwerij Boelens in opdracht van VVV De Faluintjesstreek,Brewery
50092,Brouwerij Boelens voor Bier- en Wijnhandel De Neys-Asselman,Brewery
50093,Brouwerij Boon,Brewery
50094,Brouwerij Bosteels,Brewery
50095,Brouwerij Broeder Jacob,Brewery
50096,Brouwerij Brootcoorens,Brewery
50097,Brouwerij Cantillon,Brewery
50098,Brouwerij Caulier,Brewery
50099,Brouwerij Cnudde,Brewery
50100,Brouwerij Contreras,Brewery
50101,Brouwerij d'Achouffe (Duvel-Moortgat),Brewery
50102,Brouwerij Danny,Brewery
50103,Brouwerij Danny voor Stichting Marcel De Bisschop,Brewery
50104,Brouwerij De Arend,Brewery
50105,Brouwerij De Bie,Brewery
50106,Brouwerij De Block,Brewery
50107,Brouwerij De Cock bij Brouwerij Van Steenberge,Brewery
50108,Brouwerij De Dochter van de Korenaar,Brewery
50109,Brouwerij De Glazen Toren,Brewery
50110,Brouwerij De Graal,Brewery
50111,Brouwerij De Graal voor (T)Huisbrouwerij Odlo,Brewery
50112,Brouwerij De Graal voor bierfirma Johannes,Brewery
50113,Brouwerij De Graal voor bierfirma Vacas,Brewery
50114,Brouwerij De Graal voor De Hoevebrouwers,Brewery
50115,Brouwerij De Graal voor De Hopjutters,Brewery
50116,Brouwerij De Graal voor De Verhuisbrouwerij,Brewery
50117,Brouwerij De Graal voor Hopduvel Gent,Brewery
50118,Brouwerij De Graal voor Microbrouwerij Paeleman in opdracht van Kwets vzw,Brewery
50119,Brouwerij De Graal voor Traagwater,Brewery
50120,Brouwerij De Halve Maan,Brewery
50121,Brouwerij De Kluis (InBev),Brewery
50122,Brouwerij De Koninck (Duvel-Moortgat),Brewery
50123,Brouwerij De Koningshoeven in opdracht van Brouwerij Urthel,Brewery
50124,Brouwerij De Landtsheer,Brewery
50125,Brouwerij De Leite,Brewery
50126,Brouwerij De Leyerth,Brewery
50127,Brouwerij De Plukker,Brewery
50128,Brouwerij De Ranke,Brewery
50129,Brouwerij De Ranke voor Bierwinkel Bacelle,Brewery
50130,Brouwerij De Ranke voor Brasserie de la Senne,Brewery
50131,Brouwerij De Regenboog,Brewery
50132,Brouwerij De Rijck,Brewery
50133,Brouwerij De Ryck,Brewery
50134,Brouwerij De Smedt in opdracht van bierfirma Fisser,Brewery
50135,Brouwerij De Troch,Brewery
50136,Brouwerij De Vlier,Brewery
50137,Brouwerij Deca,Brewery
50138,Brouwerij Deca voor Verstraete,Brewery
50139,Brouwerij Den Herberg,Brewery
50140,Brouwerij Den Hopperd,Brewery
50141,Brouwerij Den ToetÃ«lÃ¨r,Brewery
50142,Brouwerij Den Tseut,Brewery
50143,Brouwerij DijkWaert,Brewery
50144,Brouwerij Dilewyns,Brewery
50145,Brouwerij Donum Ignis,Brewery
50146,Brouwerij du Bocq,Brewery
50147,Brouwerij du Bocq voor Corsendonk nv,Brewery
50148,Brouwerij Dubuisson,Brewery
50149,Brouwerij Dupont,Brewery
50150,Brouwerij Duvel Moortgat,Brewery
50151,Brouwerij en stokerij Wilderen,Brewery
50152,Brouwerij Fort Lapin,Brewery
50153,Brouwerij Girardin,Brewery
50154,Brouwerij Gruut,Brewery
50155,Brouwerij Gulden Spoor,Brewery
50156,Brouwerij Gulden Spoor voor bierfirma Hugel,Brewery
50157,Brouwerij Haacht,Brewery
50158,Brouwerij Hanssens,Brewery
50159,Brouwerij Het Alternatief bij Brouwerij Alvinne,Brewery
50160,Brouwerij Het Alternatief bij Brouwerij De Graal,Brewery
50161,Brouwerij Het Alternatief bij Brouwerij De Graal of Brouwerij Alvinne,Brewery
50162,Brouwerij Het Anker,Brewery
50163,Brouwerij Het Anker (vroeger in Brouwerij Riva en Brouwerij Liefmans),Brewery
50164,Brouwerij Het Gulden Spoor,Brewery
50165,Brouwerij Het Sas,Brewery
50166,Brouwerij Hof ten Dormaal,Brewery
50167,Brouwerij Huyghe,Brewery
50168,Brouwerij Huyghe voor Brouwerij Oud Beersel,Brewery
50169,Brouwerij Huyghe voor de De Scheldebrouwerij,Brewery
50170,Brouwerij Inter-Pol,Brewery
50171,Brouwerij Jessenhofke,Brewery
50172,Brouwerij Jessenhofke bij De Proefbrouwerij,Brewery
50173,Brouwerij Kerkom,Brewery
50174,Brouwerij Kerkom bij Brouwerij Sint-Jozef,Brewery
50175,Brouwerij Kortrijk-dâ€™Utsel,Brewery
50176,Brouwerij La Binchoise,Brewery
50177,Brouwerij Lefebvre,Brewery
50178,Brouwerij Liefmans,Brewery
50179,Brouwerij Lindemans,Brewery
50180,Brouwerij Loterbol,Brewery
50181,Brouwerij Louwaege,Brewery
50182,Brouwerij Lupus,Brewery
50183,Brouwerij Lupus in opdracht van Paters en Prinsen,Brewery
50184,Brouwerij Lupus voor (T)Huisbrouwerij Odlo,Brewery
50185,Brouwerij Maenhout,Brewery
50186,Brouwerij Maenhout voor bierfirma Proefbrouwerij d'oude maalderij,Brewery
50187,Brouwerij Martens,Brewery
50188,Brouwerij Martens (Bocholt),Brewery
50189,Brouwerij Martens voor Aldi,Brewery
50190,Brouwerij Nieuwhuys,Brewery
50191,Brouwerij Oud Beersel,Brewery
50192,Brouwerij Palm,Brewery
50193,Brouwerij Palm (vroeger in Brouwerij De Gouden Boom),Brewery
50194,Brouwerij Palm voor Group John Martin,Brewery
50195,Brouwerij PiedbÅ“uf,Brewery
50196,Brouwerij PiedbÅ“uf (InBev),Brewery
50197,Brouwerij Riva,Brewery
50198,Brouwerij Rodenbach,Brewery
50199,Brouwerij Roman,Brewery
50200,Brouwerij Sint-Jozef,Brewery
50201,Brouwerij Sint-Jozef in opdracht van Zirvest Cvba,Brewery
50202,Brouwerij Sint-Jozef voor Brouwerij Kerkom,Brewery
50203,Brouwerij Slaghmuylder,Brewery
50204,Brouwerij Slaghmuylder in opdracht van VVV De Faluintjesstreek,Brewery
50205,Brouwerij Slagmuylder,Brewery
50206,Brouwerij Smisje,Brewery
50207,Brouwerij St-Bernardus,Brewery
50208,Brouwerij St-Feuillien,Brewery
50209,Brouwerij St. Bernardus,Brewery
50210,Brouwerij St. Bernardus voor cafÃ© Den Toerist,Brewery
50211,Brouwerij Strubbe,Brewery
50212,Brouwerij Strubbe voor â€œMout- en Brouwhuis De Snoekâ€ ,Brewery
50213,Brouwerij Strubbe voor bierfirma Den Haene,Brewery
50214,Brouwerij Strubbe voor Bierfirma Den Haene,Brewery
50215,Brouwerij Strubbe voor BioFresh,Brewery
50216,Brouwerij Strubbe voor Brouwerij CrombÃ©,Brewery
50217,Brouwerij Strubbe voor den Haene,Brewery
50218,Brouwerij Strubbe voor Guldenboot nv,Brewery
50219,Brouwerij Strubbe voor stad Lier,Brewery
50220,Brouwerij Ter Dolen,Brewery
50221,Brouwerij Timmermans,Brewery
50222,Brouwerij Val-Dieu,Brewery
50223,Brouwerij Van Den Bossche,Brewery
50224,Brouwerij Van den Bossche,Brewery
50225,Brouwerij Van Den Bossche voor Scouts Moen 50 jaar (2011),Brewery
50226,Brouwerij Van Eecke,Brewery
50227,Brouwerij Van Eecke voor Extremis,Brewery
50228,Brouwerij Van Honsebrouck,Brewery
50229,Brouwerij Van Steenberge,Brewery
50230,Brouwerij Van Steenberge in opdracht van Brouwerij Vanuxeem,Brewery
50231,Brouwerij Van Steenberge voor BIVO Drinks,Brewery
50232,Brouwerij Van Steenberge voor Brouwerij Paeleman,Brewery
50233,Brouwerij Van Steenberge voor De Brouwerij van Vlaanderen,Brewery
50234,Brouwerij Van Steenberge voor de gemeente Bierbeek en Terclavers,Brewery
50235,Brouwerij Van Steenberge voor Hopduvel Gent,Brewery
50236,Brouwerij Van Steenberge voor Paeleman,Brewery
50237,Brouwerij Verhaeghe,Brewery
50238,Brouwerij Verhaeghe Vichte,Brewery
50239,Brouwerij Verhaeghe Vichte in opdracht van Brouwerij Vanuxeem,Brewery
50240,Brouwerij Verhaeghe voor Brouwerij Clarysse (bierfirma),Brewery
50241,Brouwerij Vissenaken,Brewery
50242,Brouwerij Walrave,Brewery
50243,Brouwerij Westmalle,Brewery
50244,Brouwerij Wieze,Brewery
50245,Brouwerij Wilderen,Brewery
50246,Brouwerijen Alken-Maes,Brewery
50247,Brouwersverzet bij Brouwerij Het Gulden Spoor,Brewery
50248,cafÃ© de living,Brewery
50249,De Dolle Brouwers,Brewery
50250,De Dolle Brouwers voor Kaffee Kavijaks,Brewery
50251,De Lion Ã  Plume bij Brasserie de Bastogne,Brewery
50252,De Lion Ã  Plume bij Brasserie Sainte-HÃ©lÃ¨ne,Brewery
50253,De Proefbrouwerij,Brewery
50254,De Proefbrouwerij in opdracht van Brouwerij Pirlot,Brewery
50255,De Proefbrouwerij in opdracht van De Kale Ridders,Brewery
50256,De Proefbrouwerij in opdracht van De Kastelse Biervereniging,Brewery
50257,De Proefbrouwerij voor â€™t Brugs Bierinstituut,Brewery
50258,De Proefbrouwerij voor Beerdevelopment Viven,Brewery
50259,De Proefbrouwerij voor bierfirma Bas-bieren,Brewery
50260,De Proefbrouwerij voor bierfirma BVG,Brewery
50261,De Proefbrouwerij voor bierfirma Half Zeven,Brewery
50262,De Proefbrouwerij voor bierfirma Lesage,Brewery
50263,De Proefbrouwerij voor bierfirma Slaapmutske,Brewery
50264,De Proefbrouwerij voor Bierfirma Trappieter,Brewery
50265,De Proefbrouwerij voor Bierfirma Vacas,Brewery
50266,De Proefbrouwerij voor bierfirma VALOCCO,Brewery
50267,De Proefbrouwerij voor Brouwerij Cluysenaer,Brewery
50268,De Proefbrouwerij voor Brouwerij DruÃ¯de,Brewery
50269,De Proefbrouwerij voor Brouwerij Jessenhofke,Brewery
50270,De Proefbrouwerij voor Brouwerij Pirlot,Brewery
50271,De Proefbrouwerij voor Brouwerij Slaapmutske,Brewery
50272,De Proefbrouwerij voor Brouwerij The Musketeers,Brewery
50273,De Proefbrouwerij voor Buitenlust,Brewery
50274,De Proefbrouwerij voor Captain Cooker,Brewery
50275,De Proefbrouwerij voor de familie Neyt,Brewery
50276,De Proefbrouwerij voor de gemeente Zwalm,Brewery
50277,De Proefbrouwerij voor De Verhuisbrouwerij,Brewery
50278,De Proefbrouwerij voor Den Ouden Advokaat,Brewery
50279,De proefbrouwerij voor Den Ouden Advokaat,Brewery
50280,De Proefbrouwerij voor Geuzestekerij 3 Fonteinen,Brewery
50281,De Proefbrouwerij voor het ZeuntcomitÃ©,Brewery
50282,De Proefbrouwerij voor Microbrouwerij Achilles,Brewery
50283,De Proefbrouwerij voor Oude Brouwerij van Zonnegem vzw,Brewery
50284,De Proefbrouwerij voor Stepaja bvba,Brewery
50285,De Proefbrouwerij voor The House of Caulier,Brewery
50286,De Proefbrouwerij voor Vliegende Paard Brouwers,Brewery
50287,De Proefbrouwerij voor Zonderik Beer Company,Brewery
50288,De Scheldebrouwerij,Brewery
50289,De Scheldebrouwerij voor Brouwerij Het Nest,Brewery
50290,De Scheldebrouwerij voor De Lelie,Brewery
50291,De Struise Brouwers,Brewery
50292,De Struise Brouwers bij Brouwerij Deca,Brewery
50293,De Verhuisbrouwerij,Brewery
50294,Geuzestekerij 3 Fonteinen,Brewery
50295,Geuzestekerij 3 fonteinen,Brewery
50296,Geuzestekerij De Cam,Brewery
50297,Groep John Martin,Brewery
50298,Group John Martin,Brewery
50299,Gueuzerie Tilquin,Brewery
50300,Haacht,Brewery
50301,Hanssens Artisanaal,Brewery
50302,Huisbrouwerij 't Pakhuis,Brewery
50303,Huisbrouwerij de 3 vaten,Brewery
50304,Huisbrouwerij Den Tseut,Brewery
50305,Huisbrouwerij Sint Canarus,Brewery
50306,Huisbrouwerij Sint Canarus bij De Proefbrouwerij,Brewery
50307,Huisbrouwerij Sint Canarus voor De Verhuisbrouwerij,Brewery
50308,Huisbrouwerij Sint Canarus voor JCI Deinze en Leiestreek,Brewery
50309,Huisbrouwerij Sint-Canarus,Brewery
50310,InBev,Brewery
50311,Inbev,Brewery
50312,Inbev Belgium,Brewery
50313,Kasteelbrouwerij De Dool,Brewery
50314,Les Artisans Brasseurs,Brewery
50315,Microbrouwerij Achilles,Brewery
50316,Microbrouwerij Achilles in De Proefbrouwerij in opdracht van Paters en Prinsen,Brewery
50317,Microbrouwerij Den Triest,Brewery
50318,Scheldebrouwerij,Brewery
50319,Scheldebrouwerij voor Brouwerij Het Nest,Brewery
50320,Scheldebrouwerij voor Hobbybrouwerij Het Nest,Brewery
50321,Scottish & Newcastle voor Groep John Martin,Brewery
50322,Sint-Sixtusabdij van Westvleteren,Brewery
50323,Staminee De Garre (Brouwerij Van Steenberge),Brewery
50324,t Hofbrouwerijke,Brewery
50325,t Hofbrouwerijke in opdracht van Brouwerij Het Nest,Brewery
50326,t Hofbrouwerijke voor bierfirma Montaignu,Brewery
50327,voor bierfirma Vacas,Brewery
50328,voor bierfrima Vacas,Brewery